Debug: Texture: New texture loaded 1200x900
Debug: Texture: New texture loaded 1200x900
Debug: Render Pass: Created framebuffer
Debug: Render Pass: Created framebuffer
Debug: Render Pass: Created swap chain pass framebuffer
Debug: Render Pass: Created swap chain pass framebuffer
Debug: Render Pass: Created swap chain pass framebuffer
Debug: Texture: New texture loaded Assets/Sprites/Blank.png
Debug: Window initialized
Debug: Texture: New texture loaded Assets/Sprites/Alice_Neutral.png
Debug: Texture: New texture loaded Assets/Sprites/Wall2.png
Debug: Texture: New texture loaded 3925x58
Debug: Texture: New texture loaded Assets/Sprites/Coin.png
Debug: Texture: New texture loaded Assets/Sprites/Highlight_Box.png
Debug: Texture: New texture loaded Assets/Sprites/Inventory_Boxes_Pixel.png
Debug: Inventory: Initialized
Debug: Player: Created
Debug: Game State Manager: Set game state: Menu
Debug: Start of frame 1
Debug: Window::Draw start
Debug: Window::Draw end
Debug: Start of frame 2
Debug: Window::Draw start
Debug: Window::Draw end
Debug: Start of frame 3
Debug: Window::Draw start
Debug: Window::Draw end
Debug: Start of frame 4
Debug: Window::Draw start
Debug: Window::Draw end
Debug: Start of frame 5
Debug: Window::Draw start
Debug: Window::Draw end
Debug: Start of frame 6
Debug: Window::Draw start
Debug: Window::Draw end
Debug: Start of frame 7
Debug: Window::Draw start
Debug: Window::Draw end
Debug: Start of frame 8
Debug: Window::Draw start
Debug: Window::Draw end
Debug: Start of frame 9
Debug: Window::Draw start
Debug: Window::Draw end
Debug: Start of frame 10
Debug: Window::Draw start
Debug: Window::Draw end
Debug: Start of frame 11
Debug: Window::Draw start
Debug: Window::Draw end
Debug: Start of frame 12
Debug: Window::Draw start
Debug: Window::Draw end
Debug: Start of frame 13
Debug: Window::Draw start
Debug: Window::Draw end
Debug: Start of frame 14
Debug: Window::Draw start
Debug: Window::Draw end
Debug: Start of frame 15
Debug: Window::Draw start
Debug: Window::Draw end
Debug: Start of frame 16
Debug: Window::Draw start
Debug: Window::Draw end
Debug: Start of frame 17
Debug: Window::Draw start
Debug: Window::Draw end
Debug: Start of frame 18
Debug: Window::Draw start
Debug: Window::Draw end
Debug: Start of frame 19
Debug: Window::Draw start
Debug: Window::Draw end
Debug: Start of frame 20
Debug: Window::Draw start
Debug: Window::Draw end
Debug: Start of frame 21
Debug: Window::Draw start
Debug: Window::Draw end
Debug: Start of frame 22
Debug: Window::Draw start
Debug: Window::Draw end
Debug: Start of frame 23
Debug: Window::Draw start
Debug: Window::Draw end
Debug: Start of frame 24
Debug: Window::Draw start
Debug: Window::Draw end
Debug: Start of frame 25
Debug: Window::Draw start
Debug: Window::Draw end
Debug: Start of frame 26
Debug: Window::Draw start
Debug: Window::Draw end
Debug: Start of frame 27
Debug: Window::Draw start
Debug: Window::Draw end
Debug: Start of frame 28
Debug: Window::Draw start
Debug: Window::Draw end
Debug: Start of frame 29
Debug: Window::Draw start
Debug: Window::Draw end
Debug: Start of frame 30
Debug: Window::Draw start
Debug: Window::Draw end
Debug: Start of frame 31
Debug: Window::Draw start
Debug: Window::Draw end
Debug: Start of frame 32
Debug: Window::Draw start
Debug: Window::Draw end
Debug: Start of frame 33
Debug: Window::Draw start
Debug: Window::Draw end
Debug: Start of frame 34
Debug: Window::Draw start
Debug: Window::Draw end
Debug: Start of frame 35
Debug: Window::Draw start
Debug: Window::Draw end
Debug: Start of frame 36
Debug: Window::Draw start
Debug: Window::Draw end
Debug: Start of frame 37
Debug: Window::Draw start
Debug: Window::Draw end
Debug: Start of frame 38
Debug: Window::Draw start
Debug: Window::Draw end
Debug: Start of frame 39
Debug: Window::Draw start
Debug: Window::Draw end
Debug: Start of frame 40
Debug: Window::Draw start
Debug: Window::Draw end
Debug: Start of frame 41
Debug: Window::Draw start
Debug: Window::Draw end
Debug: Start of frame 42
Debug: Window::Draw start
Debug: Window::Draw end
Debug: Start of frame 43
Debug: Window::Draw start
Debug: Window::Draw end
Debug: Start of frame 44
Debug: Window::Draw start
Debug: Window::Draw end
Debug: Start of frame 45
Debug: Window::Draw start
Debug: Window::Draw end
Debug: Start of frame 46
Debug: Window::Draw start
Debug: Window::Draw end
Debug: Start of frame 47
Debug: Window::Draw start
Debug: Window::Draw end
Debug: Start of frame 48
Debug: Window::Draw start
Debug: Window::Draw end
Debug: Start of frame 49
Debug: Window::Draw start
Debug: Window::Draw end
Debug: Start of frame 50
Debug: Window::Draw start
Debug: Window::Draw end
Debug: Start of frame 51
Debug: Window::Draw start
Debug: Window::Draw end
Debug: Start of frame 52
Debug: Window::Draw start
Debug: Window::Draw end
Debug: Start of frame 53
Debug: Window::Draw start
Debug: Window::Draw end
Debug: Start of frame 54
Debug: Window::Draw start
Debug: Window::Draw end
Debug: Start of frame 55
Debug: Window::Draw start
Debug: Window::Draw end
Debug: Start of frame 56
Debug: Window::Draw start
Debug: Window::Draw end
Debug: Start of frame 57
Debug: Window::Draw start
Debug: Window::Draw end
Debug: Start of frame 58
Debug: Window::Draw start
Debug: Window::Draw end
Debug: Start of frame 59
Debug: Window::Draw start
Debug: Window::Draw end
Debug: Start of frame 60
Debug: Window::Draw start
Debug: Window::Draw end
Debug: Start of frame 61
Debug: Window::Draw start
Debug: Window::Draw end
Debug: Start of frame 62
Debug: Window::Draw start
Debug: Window::Draw end
Debug: Start of frame 63
Debug: Window::Draw start
Debug: Window::Draw end
Debug: Start of frame 64
Debug: Window::Draw start
Debug: Window::Draw end
Debug: Start of frame 65
Debug: Window::Draw start
Debug: Window::Draw end
Debug: Start of frame 66
Debug: Window::Draw start
Debug: Window::Draw end
Debug: Start of frame 67
Debug: Window::Draw start
Debug: Window::Draw end
Debug: Start of frame 68
Debug: Window::Draw start
Debug: Window::Draw end
Debug: Start of frame 69
Debug: Window::Draw start
Debug: Window::Draw end
Debug: Start of frame 70
Debug: Window::Draw start
Debug: Window::Draw end
Debug: Start of frame 71
Debug: Window::Draw start
Debug: Window::Draw end
Debug: Start of frame 72
Debug: Window::Draw start
Debug: Window::Draw end
Debug: Start of frame 73
Debug: Window::Draw start
Debug: Window::Draw end
Debug: Start of frame 74
Debug: Window::Draw start
Debug: Window::Draw end
Debug: Start of frame 75
Debug: Window::Draw start
Debug: Window::Draw end
Debug: Start of frame 76
Debug: Window::Draw start
Debug: Window::Draw end
Debug: Start of frame 77
Debug: Window::Draw start
Debug: Window::Draw end
Debug: Start of frame 78
Debug: Window::Draw start
Debug: Window::Draw end
Debug: Start of frame 79
Debug: Window::Draw start
Debug: Window::Draw end
Debug: Start of frame 80
Debug: Window::Draw start
Debug: Window::Draw end
Debug: Start of frame 81
Debug: Window::Draw start
Debug: Window::Draw end
Debug: Start of frame 82
Debug: Window::Draw start
Debug: Window::Draw end
Debug: Start of frame 83
Debug: Window::Draw start
Debug: Window::Draw end
Debug: Start of frame 84
Debug: Window::Draw start
Debug: Window::Draw end
Debug: Start of frame 85
Debug: Window::Draw start
Debug: Window::Draw end
Debug: Start of frame 86
Debug: Window::Draw start
Debug: Window::Draw end
Debug: Start of frame 87
Debug: Window::Draw start
Debug: Window::Draw end
Debug: Start of frame 88
Debug: Window::Draw start
Debug: Window::Draw end
Debug: Start of frame 89
Debug: Window::Draw start
Debug: Window::Draw end
Debug: Start of frame 90
Debug: Window::Draw start
Debug: Window::Draw end
Debug: Start of frame 91
Debug: Window::Draw start
Debug: Window::Draw end
Debug: Start of frame 92
Debug: Window::Draw start
Debug: Window::Draw end
Debug: Start of frame 93
Debug: Window::Draw start
Debug: Window::Draw end
Debug: Start of frame 94
Debug: Window::Draw start
Debug: Window::Draw end
Debug: Start of frame 95
Debug: Window::Draw start
Debug: Window::Draw end
Debug: Start of frame 96
Debug: Window::Draw start
Debug: Window::Draw end
Debug: Start of frame 97
Debug: Window::Draw start
Debug: Window::Draw end
Debug: Start of frame 98
Debug: Window::Draw start
Debug: Window::Draw end
Debug: Start of frame 99
Debug: Window::Draw start
Debug: Window::Draw end
Debug: Start of frame 100
Debug: Window::Draw start
Debug: Window::Draw end
Debug: Start of frame 101
Debug: Window::Draw start
Debug: Window::Draw end
Debug: Start of frame 102
Debug: Window::Draw start
Debug: Window::Draw end
Debug: Start of frame 103
Debug: Window::Draw start
Debug: Window::Draw end
Debug: Start of frame 104
Debug: Window::Draw start
Debug: Window::Draw end
Debug: Start of frame 105
Debug: Window::Draw start
Debug: Window::Draw end
Debug: Start of frame 106
Debug: Window::Draw start
Debug: Window::Draw end
Debug: Start of frame 107
Debug: Window::Draw start
Debug: Window::Draw end
Debug: Start of frame 108
Debug: Window::Draw start
Debug: Window::Draw end
Debug: Start of frame 109
Debug: Window::Draw start
Debug: Window::Draw end
Debug: Start of frame 110
Debug: Window::Draw start
Debug: Window::Draw end
Debug: Start of frame 111
Debug: Window::Draw start
Debug: Window::Draw end
Debug: Start of frame 112
Debug: Window::Draw start
Debug: Window::Draw end
Debug: Start of frame 113
Debug: Window::Draw start
Debug: Window::Draw end
Debug: Start of frame 114
Debug: Window::Draw start
Debug: Window::Draw end
Debug: Start of frame 115
Debug: Window::Draw start
Debug: Window::Draw end
Debug: Start of frame 116
Debug: Window::Draw start
Debug: Window::Draw end
Debug: Start of frame 117
Debug: Window::Draw start
Debug: Window::Draw end
Debug: Start of frame 118
Debug: Window::Draw start
Debug: Window::Draw end
Debug: Start of frame 119
Debug: Window::Draw start
Debug: Window::Draw end
Debug: Start of frame 120
Debug: Window::Draw start
Debug: Window::Draw end
Debug: Start of frame 121
Debug: Window::Draw start
Debug: Window::Draw end
Debug: Start of frame 122
Debug: Window::Draw start
Debug: Window::Draw end
Debug: Start of frame 123
Debug: Window::Draw start
Debug: Window::Draw end
Debug: Start of frame 124
Debug: Window::Draw start
Debug: Window::Draw end
Debug: Start of frame 125
Debug: Window::Draw start
Debug: Window::Draw end
Debug: Start of frame 126
Debug: Window::Draw start
Debug: Window::Draw end
Debug: Start of frame 127
Debug: Window::Draw start
Debug: Window::Draw end
Debug: Start of frame 128
Debug: Window::Draw start
Debug: Window::Draw end
Debug: Start of frame 129
Debug: Window::Draw start
Debug: Window::Draw end
Debug: Start of frame 130
Debug: Window::Draw start
Debug: Window::Draw end
Debug: Start of frame 131
Debug: Window::Draw start
Debug: Window::Draw end
Debug: Start of frame 132
Debug: Window::Draw start
Debug: Window::Draw end
Debug: Start of frame 133
Debug: Window::Draw start
Debug: Window::Draw end
Debug: Start of frame 134
Debug: Window::Draw start
Debug: Window::Draw end
Debug: Start of frame 135
Debug: Window::Draw start
Debug: Window::Draw end
Debug: Start of frame 136
Debug: Window::Draw start
Debug: Window::Draw end
Debug: Start of frame 137
Debug: Window::Draw start
Debug: Window::Draw end
Debug: Start of frame 138
Debug: Window::Draw start
Debug: Window::Draw end
Debug: Start of frame 139
Debug: Window::Draw start
Debug: Window::Draw end
Debug: Start of frame 140
Debug: Window::Draw start
Debug: Window::Draw end
Debug: Start of frame 141
Debug: Window::Draw start
Debug: Window::Draw end
Debug: Start of frame 142
Debug: Window::Draw start
Debug: Window::Draw end
Debug: Start of frame 143
Debug: Window::Draw start
Debug: Window::Draw end
Debug: Start of frame 144
Debug: Window::Draw start
Debug: Window::Draw end
Debug: Start of frame 145
Debug: Window::Draw start
Debug: Window::Draw end
Debug: Start of frame 146
Debug: Window::Draw start
Debug: Window::Draw end
Debug: Start of frame 147
Debug: Window::Draw start
Debug: Window::Draw end
Debug: Start of frame 148
Debug: Window::Draw start
Debug: Window::Draw end
Debug: Start of frame 149
Debug: Window::Draw start
Debug: Window::Draw end
Debug: Start of frame 150
Debug: Window::Draw start
Debug: Window::Draw end
Debug: Start of frame 151
Debug: Window::Draw start
Debug: Window::Draw end
Debug: Start of frame 152
Debug: Window::Draw start
Debug: Window::Draw end
Debug: Start of frame 153
Debug: Window::Draw start
Debug: Window::Draw end
Debug: Start of frame 154
Debug: Window::Draw start
Debug: Window::Draw end
Debug: Start of frame 155
Debug: Window::Draw start
Debug: Window::Draw end
Debug: Start of frame 156
Debug: Window::Draw start
Debug: Window::Draw end
Debug: Start of frame 157
Debug: Window::Draw start
Debug: Window::Draw end
Debug: Start of frame 158
Debug: Window::Draw start
Debug: Window::Draw end
Debug: Start of frame 159
Debug: Window::Draw start
Debug: Window::Draw end
Debug: Start of frame 160
Debug: Window::Draw start
Debug: Window::Draw end
Debug: Start of frame 161
Debug: Window::Draw start
Debug: Window::Draw end
Debug: Start of frame 162
Debug: Window::Draw start
Debug: Window::Draw end
Debug: Start of frame 163
Debug: Window::Draw start
Debug: Window::Draw end
Debug: Start of frame 164
Debug: Window::Draw start
Debug: Window::Draw end
Debug: Start of frame 165
Debug: Window::Draw start
Debug: Window::Draw end
Debug: Start of frame 166
Debug: Window::Draw start
Debug: Window::Draw end
Debug: Start of frame 167
Debug: Window::Draw start
Debug: Window::Draw end
Debug: Start of frame 168
Debug: Window::Draw start
Debug: Window::Draw end
Debug: Start of frame 169
Debug: Window::Draw start
Debug: Window::Draw end
Debug: Start of frame 170
Debug: Window::Draw start
Debug: Window::Draw end
Debug: Start of frame 171
Debug: Window::Draw start
Debug: Window::Draw end
Debug: Start of frame 172
Debug: Window::Draw start
Debug: Window::Draw end
Debug: Start of frame 173
Debug: Window::Draw start
Debug: Window::Draw end
Debug: Start of frame 174
Debug: Window::Draw start
Debug: Window::Draw end
Debug: Start of frame 175
Debug: Window::Draw start
Debug: Window::Draw end
Debug: Start of frame 176
Debug: Window::Draw start
Debug: Window::Draw end
Debug: Start of frame 177
Debug: Window::Draw start
Debug: Window::Draw end
Debug: Start of frame 178
Debug: Window::Draw start
Debug: Window::Draw end
Debug: Start of frame 179
Debug: Window::Draw start
Debug: Window::Draw end
Debug: Start of frame 180
Debug: Window::Draw start
Debug: Window::Draw end
Debug: Start of frame 181
Debug: Window::Draw start
Debug: Window::Draw end
Debug: Start of frame 182
Debug: Window::Draw start
Debug: Window::Draw end
Debug: Start of frame 183
Debug: Window::Draw start
Debug: Window::Draw end
Debug: Start of frame 184
Debug: Window::Draw start
Debug: Window::Draw end
Debug: Start of frame 185
Debug: Window::Draw start
Debug: Window::Draw end
Debug: Start of frame 186
Debug: Window::Draw start
Debug: Window::Draw end
Debug: Start of frame 187
Debug: Window::Draw start
Debug: Window::Draw end
Debug: Start of frame 188
Debug: Window::Draw start
Debug: Window::Draw end
Debug: Start of frame 189
Debug: Window::Draw start
Debug: Window::Draw end
Debug: Start of frame 190
Debug: Window::Draw start
Debug: Window::Draw end
Debug: Start of frame 191
Debug: Window::Draw start
Debug: Window::Draw end
Debug: Start of frame 192
Debug: Window::Draw start
Debug: Window::Draw end
Debug: Start of frame 193
Debug: Window::Draw start
Debug: Window::Draw end
Debug: Start of frame 194
Debug: Window::Draw start
Debug: Window::Draw end
Debug: Start of frame 195
Debug: Window::Draw start
Debug: Window::Draw end
Debug: Start of frame 196
Debug: Window::Draw start
Debug: Window::Draw end
Debug: Start of frame 197
Debug: Window::Draw start
Debug: Window::Draw end
Debug: Start of frame 198
Debug: Window::Draw start
Debug: Window::Draw end
Debug: Start of frame 199
Debug: Window::Draw start
Debug: Window::Draw end
Debug: Start of frame 200
Debug: Window::Draw start
Debug: Window::Draw end
Debug: Start of frame 201
Debug: Window::Draw start
Debug: Window::Draw end
Debug: Start of frame 202
Debug: Window::Draw start
Debug: Window::Draw end
Debug: Start of frame 203
Debug: Window::Draw start
Debug: Window::Draw end
Debug: Start of frame 204
Debug: Window::Draw start
Debug: Window::Draw end
Debug: Start of frame 205
Debug: Window::Draw start
Debug: Window::Draw end
Debug: Start of frame 206
Debug: Window::Draw start
Debug: Window::Draw end
Debug: Start of frame 207
Debug: Window::Draw start
Debug: Window::Draw end
Debug: Start of frame 208
Debug: Window::Draw start
Debug: Window::Draw end
Debug: Start of frame 209
Debug: Window::Draw start
Debug: Window::Draw end
Debug: Start of frame 210
Debug: Window::Draw start
Debug: Window::Draw end
Debug: Start of frame 211
Debug: Window::Draw start
Debug: Window::Draw end
Debug: Start of frame 212
Debug: Window::Draw start
Debug: Window::Draw end
Debug: Start of frame 213
Debug: Window::Draw start
Debug: Window::Draw end
Debug: Start of frame 214
Debug: Window::Draw start
Debug: Window::Draw end
Debug: Start of frame 215
Debug: Window::Draw start
Debug: Window::Draw end
Debug: Start of frame 216
Debug: Window::Draw start
Debug: Window::Draw end
Debug: Start of frame 217
Debug: Window::Draw start
Debug: Window::Draw end
Debug: Start of frame 218
Debug: Window::Draw start
Debug: Window::Draw end
Debug: Start of frame 219
Debug: Window::Draw start
Debug: Window::Draw end
Debug: Start of frame 220
Debug: Window::Draw start
Debug: Window::Draw end
Debug: Start of frame 221
Debug: Window::Draw start
Debug: Window::Draw end
Debug: Start of frame 222
Debug: Window::Draw start
Debug: Window::Draw end
Debug: Start of frame 223
Debug: Window::Draw start
Debug: Window::Draw end
Debug: Start of frame 224
Debug: Window::Draw start
Debug: Window::Draw end
Debug: Start of frame 225
Debug: Window::Draw start
Debug: Window::Draw end
Debug: Start of frame 226
Debug: Window::Draw start
Debug: Window::Draw end
Debug: Start of frame 227
Debug: Window::Draw start
Debug: Window::Draw end
Debug: Start of frame 228
Debug: Window::Draw start
Debug: Window::Draw end
Debug: Start of frame 229
Debug: Window::Draw start
Debug: Window::Draw end
Debug: Start of frame 230
Debug: Window::Draw start
Debug: Window::Draw end
Debug: Start of frame 231
Debug: Window::Draw start
Debug: Window::Draw end
Debug: Start of frame 232
Debug: Window::Draw start
Debug: Window::Draw end
Debug: Start of frame 233
Debug: Window::Draw start
Debug: Window::Draw end
Debug: Start of frame 234
Debug: Window::Draw start
Debug: Window::Draw end
Debug: Start of frame 235
Debug: Window::Draw start
Debug: Window::Draw end
Debug: Start of frame 236
Debug: Window::Draw start
Debug: Window::Draw end
Debug: Start of frame 237
Debug: Window::Draw start
Debug: Window::Draw end
Debug: Start of frame 238
Debug: Window::Draw start
Debug: Window::Draw end
Debug: Start of frame 239
Debug: Window::Draw start
Debug: Window::Draw end
Debug: Start of frame 240
Debug: Window::Draw start
Debug: Window::Draw end
Debug: Start of frame 241
Debug: Window::Draw start
Debug: Window::Draw end
Debug: Start of frame 242
Debug: Window::Draw start
Debug: Window::Draw end
Debug: Start of frame 243
Debug: Window::Draw start
Debug: Window::Draw end
Debug: Start of frame 244
Debug: Window::Draw start
Debug: Window::Draw end
Debug: Start of frame 245
Debug: Window::Draw start
Debug: Window::Draw end
Debug: Start of frame 246
Debug: Window::Draw start
Debug: Window::Draw end
Debug: Start of frame 247
Debug: Window::Draw start
Debug: Window::Draw end
Debug: Start of frame 248
Debug: Window::Draw start
Debug: Window::Draw end
Debug: Start of frame 249
Debug: Window::Draw start
Debug: Window::Draw end
Debug: Start of frame 250
Debug: Window::Draw start
Debug: Window::Draw end
Debug: Start of frame 251
Debug: Window::Draw start
Debug: Window::Draw end
Debug: Start of frame 252
Debug: Window::Draw start
Debug: Window::Draw end
Debug: Start of frame 253
Debug: Window::Draw start
Debug: Window::Draw end
Debug: Start of frame 254
Debug: Window::Draw start
Debug: Window::Draw end
Debug: Start of frame 255
Debug: Window::Draw start
Debug: Window::Draw end
Debug: Start of frame 256
Debug: Window::Draw start
Debug: Window::Draw end
Debug: Start of frame 257
Debug: Window::Draw start
Debug: Window::Draw end
Debug: Start of frame 258
Debug: Window::Draw start
Debug: Window::Draw end
Debug: Start of frame 259
Debug: Window::Draw start
Debug: Window::Draw end
Debug: Start of frame 260
Debug: Window::Draw start
Debug: Window::Draw end
Debug: Start of frame 261
Debug: Window::Draw start
Debug: Window::Draw end
Debug: Start of frame 262
Debug: Window::Draw start
Debug: Window::Draw end
Debug: Start of frame 263
Debug: Window::Draw start
Debug: Window::Draw end
Debug: Start of frame 264
Debug: Window::Draw start
Debug: Window::Draw end
Debug: Start of frame 265
Debug: Window::Draw start
Debug: Window::Draw end
Debug: Start of frame 266
Debug: Window::Draw start
Debug: Window::Draw end
Debug: Start of frame 267
Debug: Window::Draw start
Debug: Window::Draw end
Debug: Start of frame 268
Debug: Window::Draw start
Debug: Window::Draw end
Debug: Start of frame 269
Debug: Window::Draw start
Debug: Window::Draw end
Debug: Start of frame 270
Debug: Window::Draw start
Debug: Window::Draw end
Debug: Start of frame 271
Debug: Window::Draw start
Debug: Window::Draw end
Debug: Start of frame 272
Debug: Window::Draw start
Debug: Window::Draw end
Debug: Start of frame 273
Debug: Window::Draw start
Debug: Window::Draw end
Debug: Start of frame 274
Debug: Window::Draw start
Debug: Window::Draw end
Debug: Start of frame 275
Debug: Window::Draw start
Debug: Window::Draw end
Debug: Start of frame 276
Debug: Window::Draw start
Debug: Window::Draw end
Debug: Start of frame 277
Debug: Window::Draw start
Debug: Window::Draw end
Debug: Start of frame 278
Debug: Window::Draw start
Debug: Window::Draw end
Debug: Start of frame 279
Debug: Window::Draw start
Debug: Window::Draw end
Debug: Start of frame 280
Debug: Window::Draw start
Debug: Window::Draw end
Debug: Start of frame 281
Debug: Window::Draw start
Debug: Window::Draw end
Debug: Start of frame 282
Debug: Window::Draw start
Debug: Window::Draw end
Debug: Start of frame 283
Debug: Window::Draw start
Debug: Window::Draw end
Debug: Start of frame 284
Debug: Window::Draw start
Debug: Window::Draw end
Debug: Start of frame 285
Debug: Window::Draw start
Debug: Window::Draw end
Debug: Start of frame 286
Debug: Window::Draw start
Debug: Window::Draw end
Debug: Start of frame 287
Debug: Window::Draw start
Debug: Window::Draw end
Debug: Start of frame 288
Debug: Window::Draw start
Debug: Window::Draw end
Debug: Start of frame 289
Debug: Window::Draw start
Debug: Window::Draw end
Debug: Start of frame 290
Debug: Window::Draw start
Debug: Window::Draw end
Debug: Start of frame 291
Debug: Window::Draw start
Debug: Window::Draw end
Debug: Start of frame 292
Debug: Window::Draw start
Debug: Window::Draw end
Debug: Start of frame 293
Debug: Window::Draw start
Debug: Window::Draw end
Debug: Start of frame 294
Debug: Window::Draw start
Debug: Window::Draw end
Debug: Start of frame 295
Debug: Window::Draw start
Debug: Window::Draw end
Debug: Start of frame 296
Debug: Window::Draw start
Debug: Window::Draw end
Debug: Start of frame 297
Debug: Window::Draw start
Debug: Window::Draw end
Debug: Start of frame 298
Debug: Window::Draw start
Debug: Window::Draw end
Debug: Start of frame 299
Debug: Window::Draw start
Debug: Window::Draw end
Debug: Start of frame 300
Debug: Window::Draw start
Debug: Window::Draw end
Debug: Start of frame 301
Debug: Window::Draw start
Debug: Window::Draw end
Debug: Start of frame 302
Debug: Window::Draw start
Debug: Window::Draw end
Debug: Start of frame 303
Debug: Window::Draw start
Debug: Window::Draw end
Debug: Start of frame 304
Debug: Window::Draw start
Debug: Window::Draw end
Debug: Start of frame 305
Debug: Window::Draw start
Debug: Window::Draw end
Debug: Start of frame 306
Debug: Window::Draw start
Debug: Window::Draw end
Debug: Start of frame 307
Debug: Window::Draw start
Debug: Window::Draw end
Debug: Start of frame 308
Debug: Window::Draw start
Debug: Window::Draw end
Debug: Start of frame 309
Debug: Window::Draw start
Debug: Window::Draw end
Debug: Start of frame 310
Debug: Window::Draw start
Debug: Window::Draw end
Debug: Start of frame 311
Debug: Window::Draw start
Debug: Window::Draw end
Debug: Start of frame 312
Debug: Window::Draw start
Debug: Window::Draw end
Debug: Start of frame 313
Debug: Window::Draw start
Debug: Window::Draw end
Debug: Start of frame 314
Debug: Window::Draw start
Debug: Window::Draw end
Debug: Start of frame 315
Debug: Window::Draw start
Debug: Window::Draw end
Debug: Start of frame 316
Debug: Window::Draw start
Debug: Window::Draw end
Debug: Start of frame 317
Debug: Window::Draw start
Debug: Window::Draw end
Debug: Start of frame 318
Debug: Window::Draw start
Debug: Window::Draw end
Debug: Start of frame 319
Debug: Window::Draw start
Debug: Window::Draw end
Debug: Start of frame 320
Debug: Window::Draw start
Debug: Window::Draw end
Debug: Start of frame 321
Debug: Window::Draw start
Debug: Window::Draw end
Debug: Start of frame 322
Debug: Window::Draw start
Debug: Window::Draw end
Debug: Start of frame 323
Debug: Window::Draw start
Debug: Window::Draw end
Debug: Start of frame 324
Debug: Window::Draw start
Debug: Window::Draw end
Debug: Start of frame 325
Debug: Window::Draw start
Debug: Window::Draw end
Debug: Start of frame 326
Debug: Window::Draw start
Debug: Window::Draw end
Debug: Start of frame 327
Debug: Window::Draw start
Debug: Window::Draw end
Debug: Start of frame 328
Debug: Window::Draw start
Debug: Window::Draw end
Debug: Start of frame 329
Debug: Window::Draw start
Debug: Window::Draw end
Debug: Start of frame 330
Debug: Window::Draw start
Debug: Window::Draw end
Debug: Start of frame 331
Debug: Window::Draw start
Debug: Window::Draw end
Debug: Start of frame 332
Debug: Window::Draw start
Debug: Window::Draw end
Debug: Start of frame 333
Debug: Window::Draw start
Debug: Window::Draw end
Debug: Start of frame 334
Debug: Window::Draw start
Debug: Window::Draw end
Debug: Start of frame 335
Debug: Window::Draw start
Debug: Window::Draw end
Debug: Start of frame 336
Debug: Window::Draw start
Debug: Window::Draw end
Debug: Start of frame 337
Debug: Window::Draw start
Debug: Window::Draw end
Debug: Start of frame 338
Debug: Window::Draw start
Debug: Window::Draw end
Debug: Start of frame 339
Debug: Window::Draw start
Debug: Window::Draw end
Debug: Start of frame 340
Debug: Window::Draw start
Debug: Window::Draw end
Debug: Start of frame 341
Debug: Window::Draw start
Debug: Window::Draw end
Debug: Start of frame 342
Debug: Window::Draw start
Debug: Window::Draw end
Debug: Start of frame 343
Debug: Window::Draw start
Debug: Window::Draw end
Debug: Start of frame 344
Debug: Window::Draw start
Debug: Window::Draw end
Debug: Start of frame 345
Debug: Window::Draw start
Debug: Window::Draw end
Debug: Start of frame 346
Debug: Window::Draw start
Debug: Window::Draw end
Debug: Start of frame 347
Debug: Window::Draw start
Debug: Window::Draw end
Debug: Start of frame 348
Debug: Window::Draw start
Debug: Window::Draw end
Debug: Start of frame 349
Debug: Window::Draw start
Debug: Window::Draw end
Debug: Start of frame 350
Debug: Window::Draw start
Debug: Window::Draw end
Debug: Start of frame 351
Debug: Window::Draw start
Debug: Window::Draw end
Debug: Start of frame 352
Debug: Window::Draw start
Debug: Window::Draw end
Debug: Start of frame 353
Debug: Window::Draw start
Debug: Window::Draw end
Debug: Start of frame 354
Debug: Window::Draw start
Debug: Window::Draw end
Debug: Start of frame 355
Debug: Window::Draw start
Debug: Window::Draw end
Debug: Start of frame 356
Debug: Window::Draw start
Debug: Window::Draw end
Debug: Start of frame 357
Debug: Window::Draw start
Debug: Window::Draw end
Debug: Start of frame 358
Debug: Window::Draw start
Debug: Window::Draw end
Debug: Start of frame 359
Debug: Window::Draw start
Debug: Window::Draw end
Debug: Start of frame 360
Debug: Window::Draw start
Debug: Window::Draw end
Debug: Start of frame 361
Debug: Window::Draw start
Debug: Window::Draw end
Debug: Start of frame 362
Debug: Window::Draw start
Debug: Window::Draw end
Debug: Start of frame 363
Debug: Window::Draw start
Debug: Window::Draw end
Debug: Start of frame 364
Debug: Window::Draw start
Debug: Window::Draw end
Debug: Start of frame 365
Debug: Window::Draw start
Debug: Window::Draw end
Debug: Start of frame 366
Debug: Window::Draw start
Debug: Window::Draw end
Debug: Start of frame 367
Debug: Window::Draw start
Debug: Window::Draw end
Debug: Start of frame 368
Debug: Window::Draw start
Debug: Window::Draw end
Debug: Start of frame 369
Debug: Window::Draw start
Debug: Window::Draw end
Debug: Start of frame 370
Debug: Window::Draw start
Debug: Window::Draw end
Debug: Start of frame 371
Debug: Window::Draw start
Debug: Window::Draw end
Debug: Start of frame 372
Debug: Window::Draw start
Debug: Window::Draw end
Debug: Start of frame 373
Debug: Window::Draw start
Debug: Window::Draw end
Debug: Start of frame 374
Debug: Window::Draw start
Debug: Window::Draw end
Debug: Start of frame 375
Debug: Window::Draw start
Debug: Window::Draw end
Debug: Start of frame 376
Debug: Window::Draw start
Debug: Window::Draw end
Debug: Start of frame 377
Debug: Window::Draw start
Debug: Window::Draw end
Debug: Start of frame 378
Debug: Window::Draw start
Debug: Window::Draw end
Debug: Start of frame 379
Debug: Window::Draw start
Debug: Window::Draw end
Debug: Start of frame 380
Debug: Window::Draw start
Debug: Window::Draw end
Debug: Start of frame 381
Debug: Window::Draw start
Debug: Window::Draw end
Debug: Start of frame 382
Debug: Window::Draw start
Debug: Window::Draw end
Debug: Start of frame 383
Debug: Window::Draw start
Debug: Window::Draw end
Debug: Start of frame 384
Debug: Window::Draw start
Debug: Window::Draw end
Debug: Start of frame 385
Debug: Window::Draw start
Debug: Window::Draw end
Debug: Start of frame 386
Debug: Window::Draw start
Debug: Window::Draw end
Debug: Start of frame 387
Debug: Window::Draw start
Debug: Window::Draw end
Debug: Start of frame 388
Debug: Window::Draw start
Debug: Window::Draw end
Debug: Start of frame 389
Debug: Window::Draw start
Debug: Window::Draw end
Debug: Start of frame 390
Debug: Window::Draw start
Debug: Window::Draw end
Debug: Start of frame 391
Debug: Window::Draw start
Debug: Window::Draw end
Debug: Start of frame 392
Debug: Window::Draw start
Debug: Window::Draw end
Debug: Start of frame 393
Debug: Window::Draw start
Debug: Window::Draw end
Debug: Start of frame 394
Debug: Window::Draw start
Debug: Window::Draw end
Debug: Start of frame 395
Debug: Window::Draw start
Debug: Window::Draw end
Debug: Start of frame 396
Debug: Window::Draw start
Debug: Window::Draw end
Debug: Start of frame 397
Debug: Window::Draw start
Debug: Window::Draw end
Debug: Start of frame 398
Debug: Window::Draw start
Debug: Window::Draw end
Debug: Start of frame 399
Debug: Window::Draw start
Debug: Window::Draw end
Debug: Start of frame 400
Debug: Window::Draw start
Debug: Window::Draw end
Debug: Start of frame 401
Debug: Window::Draw start
Debug: Window::Draw end
Debug: Start of frame 402
Debug: Window::Draw start
Debug: Window::Draw end
Debug: Start of frame 403
Debug: Window::Draw start
Debug: Window::Draw end
Debug: Start of frame 404
Debug: Window::Draw start
Debug: Window::Draw end
Debug: Start of frame 405
Debug: Window::Draw start
Debug: Window::Draw end
Debug: Start of frame 406
Debug: Window::Draw start
Debug: Window::Draw end
Debug: Start of frame 407
Debug: Window::Draw start
Debug: Window::Draw end
Debug: Start of frame 408
Debug: Window::Draw start
Debug: Window::Draw end
Debug: Start of frame 409
Debug: Window::Draw start
Debug: Window::Draw end
Debug: Start of frame 410
Debug: Window::Draw start
Debug: Window::Draw end
Debug: Start of frame 411
Debug: Window::Draw start
Debug: Window::Draw end
Debug: Start of frame 412
Debug: Window::Draw start
Debug: Window::Draw end
Debug: Start of frame 413
Debug: Window::Draw start
Debug: Window::Draw end
Debug: Start of frame 414
Debug: Window::Draw start
Debug: Window::Draw end
Debug: Start of frame 415
Debug: Window::Draw start
Debug: Window::Draw end
Debug: Start of frame 416
Debug: Window::Draw start
Debug: Window::Draw end
Debug: Start of frame 417
Debug: Window::Draw start
Debug: Window::Draw end
Debug: Start of frame 418
Debug: Window::Draw start
Debug: Window::Draw end
Debug: Start of frame 419
Debug: Window::Draw start
Debug: Window::Draw end
Debug: Start of frame 420
Debug: Window::Draw start
Debug: Window::Draw end
Debug: Start of frame 421
Debug: Window::Draw start
Debug: Window::Draw end
Debug: Start of frame 422
Debug: Window::Draw start
Debug: Window::Draw end
Debug: Start of frame 423
Debug: Window::Draw start
Debug: Window::Draw end
Debug: Start of frame 424
Debug: Window::Draw start
Debug: Window::Draw end
Debug: Start of frame 425
Debug: Window::Draw start
Debug: Window::Draw end
Debug: Start of frame 426
Debug: Window::Draw start
Debug: Window::Draw end
Debug: Start of frame 427
Debug: Window::Draw start
Debug: Window::Draw end
Debug: Start of frame 428
Debug: Window::Draw start
Debug: Window::Draw end
Debug: Start of frame 429
Debug: Window::Draw start
Debug: Window::Draw end
Debug: Start of frame 430
Debug: Window::Draw start
Debug: Window::Draw end
Debug: Start of frame 431
Debug: Window::Draw start
Debug: Window::Draw end
Debug: Start of frame 432
Debug: Window::Draw start
Debug: Window::Draw end
Debug: Start of frame 433
Debug: Window::Draw start
Debug: Window::Draw end
Debug: Start of frame 434
Debug: Window::Draw start
Debug: Window::Draw end
Debug: Start of frame 435
Debug: Window::Draw start
Debug: Window::Draw end
Debug: Start of frame 436
Debug: Window::Draw start
Debug: Window::Draw end
Debug: Start of frame 437
Debug: Window::Draw start
Debug: Window::Draw end
Debug: Start of frame 438
Debug: Window::Draw start
Debug: Window::Draw end
Debug: Start of frame 439
Debug: Window::Draw start
Debug: Window::Draw end
Debug: Start of frame 440
Debug: Window::Draw start
Debug: Window::Draw end
Debug: Start of frame 441
Debug: Window::Draw start
Debug: Window::Draw end
Debug: Start of frame 442
Debug: Window::Draw start
Debug: Window::Draw end
Debug: Start of frame 443
Debug: Window::Draw start
Debug: Window::Draw end
Debug: Start of frame 444
Debug: Window::Draw start
Debug: Window::Draw end
Debug: Start of frame 445
Debug: Window::Draw start
Debug: Window::Draw end
Debug: Start of frame 446
Debug: Window::Draw start
Debug: Window::Draw end
Debug: Start of frame 447
Debug: Window::Draw start
Debug: Window::Draw end
Debug: Start of frame 448
Debug: Window::Draw start
Debug: Window::Draw end
Debug: Start of frame 449
Debug: Window::Draw start
Debug: Window::Draw end
Debug: Start of frame 450
Debug: Window::Draw start
Debug: Window::Draw end
Debug: Start of frame 451
Debug: Window::Draw start
Debug: Window::Draw end
Debug: Start of frame 452
Debug: Window::Draw start
Debug: Window::Draw end
Debug: Start of frame 453
Debug: Window::Draw start
Debug: Window::Draw end
Debug: Start of frame 454
Debug: Window::Draw start
Debug: Window::Draw end
Debug: Start of frame 455
Debug: Window::Draw start
Debug: Window::Draw end
Debug: Start of frame 456
Debug: Window::Draw start
Debug: Window::Draw end
Debug: Start of frame 457
Debug: Window::Draw start
Debug: Window::Draw end
Debug: Start of frame 458
Debug: Window::Draw start
Debug: Window::Draw end
Debug: Start of frame 459
Debug: Window::Draw start
Debug: Window::Draw end
Debug: Start of frame 460
Debug: Window::Draw start
Debug: Window::Draw end
Debug: Start of frame 461
Debug: Window::Draw start
Debug: Window::Draw end
Debug: Start of frame 462
Debug: Window::Draw start
Debug: Window::Draw end
Debug: Start of frame 463
Debug: Window::Draw start
Debug: Window::Draw end
Debug: Start of frame 464
Debug: Window::Draw start
Debug: Window::Draw end
Debug: Start of frame 465
Debug: Window::Draw start
Debug: Window::Draw end
Debug: Start of frame 466
Debug: Window::Draw start
Debug: Window::Draw end
Debug: Start of frame 467
Debug: Window::Draw start
Debug: Window::Draw end
Debug: Start of frame 468
Debug: Window::Draw start
Debug: Window::Draw end
Debug: Start of frame 469
Debug: Window::Draw start
Debug: Window::Draw end
Debug: Start of frame 470
Debug: Window::Draw start
Debug: Window::Draw end
Debug: Start of frame 471
Debug: Window::Draw start
Debug: Window::Draw end
Debug: Start of frame 472
Debug: Window::Draw start
Debug: Window::Draw end
Debug: Start of frame 473
Debug: Window::Draw start
Debug: Window::Draw end
Debug: Start of frame 474
Debug: Window::Draw start
Debug: Window::Draw end
Debug: Start of frame 475
Debug: Window::Draw start
Debug: Window::Draw end
Debug: Start of frame 476
Debug: Window::Draw start
Debug: Window::Draw end
Debug: Start of frame 477
Debug: Window::Draw start
Debug: Window::Draw end
Debug: Start of frame 478
Debug: Window::Draw start
Debug: Window::Draw end
Debug: Start of frame 479
Debug: Window::Draw start
Debug: Window::Draw end
Debug: Start of frame 480
Debug: Window::Draw start
Debug: Window::Draw end
Debug: Start of frame 481
Debug: Window::Draw start
Debug: Window::Draw end
Debug: Start of frame 482
Debug: Window::Draw start
Debug: Window::Draw end
Debug: Start of frame 483
Debug: Window::Draw start
Debug: Window::Draw end
Debug: Start of frame 484
Debug: Window::Draw start
Debug: Window::Draw end
Debug: Start of frame 485
Debug: Window::Draw start
Debug: Window::Draw end
Debug: Start of frame 486
Debug: Window::Draw start
Debug: Window::Draw end
Debug: Start of frame 487
Debug: Window::Draw start
Debug: Window::Draw end
Debug: Start of frame 488
Debug: Window::Draw start
Debug: Window::Draw end
Debug: Start of frame 489
Debug: Window::Draw start
Debug: Window::Draw end
Debug: Start of frame 490
Debug: Window::Draw start
Debug: Window::Draw end
Debug: Start of frame 491
Debug: Window::Draw start
Debug: Window::Draw end
Debug: Start of frame 492
Debug: Window::Draw start
Debug: Window::Draw end
Debug: Start of frame 493
Debug: Window::Draw start
Debug: Window::Draw end
Debug: Start of frame 494
Debug: Window::Draw start
Debug: Window::Draw end
Debug: Start of frame 495
Debug: Window::Draw start
Debug: Window::Draw end
Debug: Start of frame 496
Debug: Window::Draw start
Debug: Window::Draw end
Debug: Start of frame 497
Debug: Window::Draw start
Debug: Window::Draw end
Debug: Start of frame 498
Debug: Window::Draw start
Debug: Window::Draw end
Debug: Start of frame 499
Debug: Window::Draw start
Debug: Window::Draw end
Debug: Start of frame 500
Debug: Window::Draw start
Debug: Window::Draw end
Debug: Start of frame 501
Debug: Window::Draw start
Debug: Window::Draw end
Debug: Start of frame 502
Debug: Window::Draw start
Debug: Window::Draw end
Debug: Start of frame 503
Debug: Window::Draw start
Debug: Window::Draw end
Debug: Start of frame 504
Debug: Window::Draw start
Debug: Window::Draw end
Debug: Start of frame 505
Debug: Window::Draw start
Debug: Window::Draw end
Debug: Start of frame 506
Debug: Window::Draw start
Debug: Window::Draw end
Debug: Start of frame 507
Debug: Window::Draw start
Debug: Window::Draw end
Debug: Start of frame 508
Debug: Window::Draw start
Debug: Window::Draw end
Debug: Start of frame 509
Debug: Window::Draw start
Debug: Window::Draw end
Debug: Start of frame 510
Debug: Window::Draw start
Debug: Window::Draw end
Debug: Start of frame 511
Debug: Window::Draw start
Debug: Window::Draw end
Debug: Start of frame 512
Debug: Window::Draw start
Debug: Window::Draw end
Debug: Start of frame 513
Debug: Window::Draw start
Debug: Window::Draw end
Debug: Start of frame 514
Debug: Window::Draw start
Debug: Window::Draw end
Debug: Start of frame 515
Debug: Window::Draw start
Debug: Window::Draw end
Debug: Start of frame 516
Debug: Window::Draw start
Debug: Window::Draw end
Debug: Start of frame 517
Debug: Window::Draw start
Debug: Window::Draw end
Debug: Start of frame 518
Debug: Window::Draw start
Debug: Window::Draw end
Debug: Start of frame 519
Debug: Window::Draw start
Debug: Window::Draw end
Debug: Start of frame 520
Debug: Window::Draw start
Debug: Window::Draw end
Debug: Start of frame 521
Debug: Window::Draw start
Debug: Window::Draw end
Debug: Start of frame 522
Debug: Window::Draw start
Debug: Window::Draw end
Debug: Start of frame 523
Debug: Window::Draw start
Debug: Window::Draw end
Debug: Start of frame 524
Debug: Window::Draw start
Debug: Window::Draw end
Debug: Start of frame 525
Debug: Window::Draw start
Debug: Window::Draw end
Debug: Start of frame 526
Debug: Window::Draw start
Debug: Window::Draw end
Debug: Start of frame 527
Debug: Window::Draw start
Debug: Window::Draw end
Debug: Start of frame 528
Debug: Window::Draw start
Debug: Window::Draw end
Debug: Start of frame 529
Debug: Window::Draw start
Debug: Window::Draw end
Debug: Start of frame 530
Debug: Window::Draw start
Debug: Window::Draw end
Debug: Start of frame 531
Debug: Window::Draw start
Debug: Window::Draw end
Debug: Start of frame 532
Debug: Window::Draw start
Debug: Window::Draw end
Debug: Start of frame 533
Debug: Window::Draw start
Debug: Window::Draw end
Debug: Start of frame 534
Debug: Window::Draw start
Debug: Window::Draw end
Debug: Start of frame 535
Debug: Window::Draw start
Debug: Window::Draw end
Debug: Start of frame 536
Debug: Window::Draw start
Debug: Window::Draw end
Debug: Start of frame 537
Debug: Window::Draw start
Debug: Window::Draw end
Debug: Start of frame 538
Debug: Window::Draw start
Debug: Window::Draw end
Debug: Start of frame 539
Debug: Window::Draw start
Debug: Window::Draw end
Debug: Start of frame 540
Debug: Window::Draw start
Debug: Window::Draw end
Debug: Start of frame 541
Debug: Window::Draw start
Debug: Window::Draw end
Debug: Start of frame 542
Debug: Window::Draw start
Debug: Window::Draw end
Debug: Start of frame 543
Debug: Window::Draw start
Debug: Window::Draw end
Debug: Start of frame 544
Debug: Window::Draw start
Debug: Window::Draw end
Debug: Start of frame 545
Debug: Window::Draw start
Debug: Window::Draw end
Debug: Start of frame 546
Debug: Window::Draw start
Debug: Window::Draw end
Debug: Start of frame 547
Debug: Window::Draw start
Debug: Window::Draw end
Debug: Start of frame 548
Debug: Window::Draw start
Debug: Window::Draw end
Debug: Start of frame 549
Debug: Window::Draw start
Debug: Window::Draw end
Debug: Start of frame 550
Debug: Window::Draw start
Debug: Window::Draw end
Debug: Start of frame 551
Debug: Window::Draw start
Debug: Window::Draw end
Debug: Start of frame 552
Debug: Window::Draw start
Debug: Window::Draw end
Debug: Start of frame 553
Debug: Window::Draw start
Debug: Window::Draw end
Debug: Start of frame 554
Debug: Window::Draw start
Debug: Window::Draw end
Debug: Start of frame 555
Debug: Window::Draw start
Debug: Window::Draw end
Debug: Start of frame 556
Debug: Window::Draw start
Debug: Window::Draw end
Debug: Start of frame 557
Debug: Window::Draw start
Debug: Window::Draw end
Debug: Start of frame 558
Debug: Window::Draw start
Debug: Window::Draw end
Debug: Start of frame 559
Debug: Window::Draw start
Debug: Window::Draw end
Debug: Start of frame 560
Debug: Window::Draw start
Debug: Window::Draw end
Debug: Start of frame 561
Debug: Window::Draw start
Debug: Window::Draw end
Debug: Start of frame 562
Debug: Window::Draw start
Debug: Window::Draw end
Debug: Start of frame 563
Debug: Window::Draw start
Debug: Window::Draw end
Debug: Start of frame 564
Debug: Window::Draw start
Debug: Window::Draw end
Debug: Start of frame 565
Debug: Window::Draw start
Debug: Window::Draw end
Debug: Start of frame 566
Debug: Window::Draw start
Debug: Window::Draw end
Debug: Start of frame 567
Debug: Window::Draw start
Debug: Window::Draw end
Debug: Start of frame 568
Debug: Window::Draw start
Debug: Window::Draw end
Debug: Start of frame 569
Debug: Window::Draw start
Debug: Window::Draw end
Debug: Start of frame 570
Debug: Window::Draw start
Debug: Window::Draw end
Debug: Start of frame 571
Debug: Window::Draw start
Debug: Window::Draw end
Debug: Start of frame 572
Debug: Window::Draw start
Debug: Window::Draw end
Debug: Start of frame 573
Debug: Window::Draw start
Debug: Window::Draw end
Debug: Start of frame 574
Debug: Window::Draw start
Debug: Window::Draw end
Debug: Start of frame 575
Debug: Window::Draw start
Debug: Window::Draw end
Debug: Start of frame 576
Debug: Window::Draw start
Debug: Window::Draw end
Debug: Start of frame 577
Debug: Window::Draw start
Debug: Window::Draw end
Debug: Start of frame 578
Debug: Window::Draw start
Debug: Window::Draw end
Debug: Start of frame 579
Debug: Window::Draw start
Debug: Window::Draw end
Debug: Start of frame 580
Debug: Window::Draw start
Debug: Window::Draw end
Debug: Start of frame 581
Debug: Window::Draw start
Debug: Window::Draw end
Debug: Start of frame 582
Debug: Window::Draw start
Debug: Window::Draw end
Debug: Start of frame 583
Debug: Window::Draw start
Debug: Window::Draw end
Debug: Start of frame 584
Debug: Window::Draw start
Debug: Window::Draw end
Debug: Start of frame 585
Debug: Window::Draw start
Debug: Window::Draw end
Debug: Start of frame 586
Debug: Window::Draw start
Debug: Window::Draw end
Debug: Start of frame 587
Debug: Window::Draw start
Debug: Window::Draw end
Debug: Start of frame 588
Debug: Window::Draw start
Debug: Window::Draw end
Debug: Start of frame 589
Debug: Window::Draw start
Debug: Window::Draw end
Debug: Start of frame 590
Debug: Window::Draw start
Debug: Window::Draw end
Debug: Start of frame 591
Debug: Window::Draw start
Debug: Window::Draw end
Debug: Start of frame 592
Debug: Window::Draw start
Debug: Window::Draw end
Debug: Start of frame 593
Debug: Window::Draw start
Debug: Window::Draw end
Debug: Start of frame 594
Debug: Window::Draw start
Debug: Window::Draw end
Debug: Start of frame 595
Debug: Window::Draw start
Debug: Window::Draw end
Debug: Start of frame 596
Debug: Window::Draw start
Debug: Window::Draw end
Debug: Start of frame 597
Debug: Window::Draw start
Debug: Window::Draw end
Debug: Start of frame 598
Debug: Window::Draw start
Debug: Window::Draw end
Debug: Start of frame 599
Debug: Window::Draw start
Debug: Window::Draw end
Debug: Start of frame 600
Debug: Window::Draw start
Debug: Window::Draw end
Debug: Start of frame 601
Debug: Window::Draw start
Debug: Window::Draw end
Debug: Start of frame 602
Debug: Window::Draw start
Debug: Window::Draw end
Debug: Start of frame 603
Debug: Window::Draw start
Debug: Window::Draw end
Debug: Start of frame 604
Debug: Window::Draw start
Debug: Window::Draw end
Debug: Start of frame 605
Debug: Window::Draw start
Debug: Window::Draw end
Debug: Start of frame 606
Debug: Window::Draw start
Debug: Window::Draw end
Debug: Start of frame 607
Debug: Window::Draw start
Debug: Window::Draw end
Debug: Start of frame 608
Debug: Window::Draw start
Debug: Window::Draw end
Debug: Start of frame 609
Debug: Window::Draw start
Debug: Window::Draw end
Debug: Start of frame 610
Debug: Window::Draw start
Debug: Window::Draw end
Debug: Start of frame 611
Debug: Window::Draw start
Debug: Window::Draw end
Debug: Start of frame 612
Debug: Window::Draw start
Debug: Window::Draw end
Debug: Start of frame 613
Debug: Window::Draw start
Debug: Window::Draw end
Debug: Start of frame 614
Debug: Window::Draw start
Debug: Window::Draw end
Debug: Start of frame 615
Debug: Window::Draw start
Debug: Window::Draw end
Debug: Start of frame 616
Debug: Window::Draw start
Debug: Window::Draw end
Debug: Start of frame 617
Debug: Window::Draw start
Debug: Window::Draw end
Debug: Start of frame 618
Debug: Window::Draw start
Debug: Window::Draw end
Debug: Start of frame 619
Debug: Window::Draw start
Debug: Window::Draw end
Debug: Start of frame 620
Debug: Window::Draw start
Debug: Window::Draw end
Debug: Start of frame 621
Debug: Window::Draw start
Debug: Window::Draw end
Debug: Start of frame 622
Debug: Window::Draw start
Debug: Window::Draw end
Debug: Start of frame 623
Debug: Window::Draw start
Debug: Window::Draw end
Debug: Start of frame 624
Debug: Window::Draw start
Debug: Window::Draw end
Debug: Start of frame 625
Debug: Window::Draw start
Debug: Window::Draw end
Debug: Start of frame 626
Debug: Window::Draw start
Debug: Window::Draw end
Debug: Start of frame 627
Debug: Window::Draw start
Debug: Window::Draw end
Debug: Start of frame 628
Debug: Window::Draw start
Debug: Window::Draw end
Debug: Start of frame 629
Debug: Window::Draw start
Debug: Window::Draw end
Debug: Start of frame 630
Debug: Window::Draw start
Debug: Window::Draw end
Debug: Start of frame 631
Debug: Window::Draw start
Debug: Window::Draw end
Debug: Start of frame 632
Debug: Window::Draw start
Debug: Window::Draw end
Debug: Start of frame 633
Debug: Window::Draw start
Debug: Window::Draw end
Debug: Start of frame 634
Debug: Window::Draw start
Debug: Window::Draw end
Debug: Start of frame 635
Debug: Window::Draw start
Debug: Window::Draw end
Debug: Start of frame 636
Debug: Window::Draw start
Debug: Window::Draw end
Debug: Start of frame 637
Debug: Window::Draw start
Debug: Window::Draw end
Debug: Start of frame 638
Debug: Window::Draw start
Debug: Window::Draw end
Debug: Start of frame 639
Debug: Window::Draw start
Debug: Window::Draw end
Debug: Start of frame 640
Debug: Window::Draw start
Debug: Window::Draw end
Debug: Start of frame 641
Debug: Window::Draw start
Debug: Window::Draw end
Debug: Start of frame 642
Debug: Window::Draw start
Debug: Window::Draw end
Debug: Start of frame 643
Debug: Window::Draw start
Debug: Window::Draw end
Debug: Start of frame 644
Debug: Window::Draw start
Debug: Window::Draw end
Debug: Start of frame 645
Debug: Window::Draw start
Debug: Window::Draw end
Debug: Start of frame 646
Debug: Window::Draw start
Debug: Window::Draw end
Debug: Start of frame 647
Debug: Window::Draw start
Debug: Window::Draw end
Debug: Start of frame 648
Debug: Window::Draw start
Debug: Window::Draw end
Debug: Start of frame 649
Debug: Window::Draw start
Debug: Window::Draw end
Debug: Start of frame 650
Debug: Window::Draw start
Debug: Window::Draw end
Debug: Start of frame 651
Debug: Window::Draw start
Debug: Window::Draw end
Debug: Start of frame 652
Debug: Window::Draw start
Debug: Window::Draw end
Debug: Start of frame 653
Debug: Window::Draw start
Debug: Window::Draw end
Debug: Start of frame 654
Debug: Window::Draw start
Debug: Window::Draw end
Debug: Start of frame 655
Debug: Window::Draw start
Debug: Window::Draw end
Debug: Start of frame 656
Debug: Window::Draw start
Debug: Window::Draw end
Debug: Start of frame 657
Debug: Window::Draw start
Debug: Window::Draw end
Debug: Start of frame 658
Debug: Window::Draw start
Debug: Window::Draw end
Debug: Start of frame 659
Debug: Window::Draw start
Debug: Window::Draw end
Debug: Start of frame 660
Debug: Window::Draw start
Debug: Window::Draw end
Debug: Start of frame 661
Debug: Window::Draw start
Debug: Window::Draw end
Debug: Start of frame 662
Debug: Window::Draw start
Debug: Window::Draw end
Debug: Start of frame 663
Debug: Window::Draw start
Debug: Window::Draw end
Debug: Start of frame 664
Debug: Window::Draw start
Debug: Window::Draw end
Debug: Start of frame 665
Debug: Window::Draw start
Debug: Window::Draw end
Debug: Start of frame 666
Debug: Window::Draw start
Debug: Window::Draw end
Debug: Start of frame 667
Debug: Window::Draw start
Debug: Window::Draw end
Debug: Start of frame 668
Debug: Window::Draw start
Debug: Window::Draw end
Debug: Start of frame 669
Debug: Window::Draw start
Debug: Window::Draw end
Debug: Start of frame 670
Debug: Window::Draw start
Debug: Window::Draw end
Debug: Start of frame 671
Debug: Window::Draw start
Debug: Window::Draw end
Debug: Start of frame 672
Debug: Window::Draw start
Debug: Window::Draw end
Debug: Start of frame 673
Debug: Window::Draw start
Debug: Window::Draw end
Debug: Start of frame 674
Debug: Window::Draw start
Debug: Window::Draw end
Debug: Start of frame 675
Debug: Window::Draw start
Debug: Window::Draw end
Debug: Start of frame 676
Debug: Window::Draw start
Debug: Window::Draw end
Debug: Start of frame 677
Debug: Window::Draw start
Debug: Window::Draw end
Debug: Start of frame 678
Debug: Window::Draw start
Debug: Window::Draw end
Debug: Start of frame 679
Debug: Window::Draw start
Debug: Window::Draw end
Debug: Start of frame 680
Debug: Window::Draw start
Debug: Window::Draw end
Debug: Start of frame 681
Debug: Window::Draw start
Debug: Window::Draw end
Debug: Start of frame 682
Debug: Window::Draw start
Debug: Window::Draw end
Debug: Start of frame 683
Debug: Window::Draw start
Debug: Window::Draw end
Debug: Start of frame 684
Debug: Window::Draw start
Debug: Window::Draw end
Debug: Start of frame 685
Debug: Window::Draw start
Debug: Window::Draw end
Debug: Start of frame 686
Debug: Window::Draw start
Debug: Window::Draw end
Debug: Start of frame 687
Debug: Window::Draw start
Debug: Window::Draw end
Debug: Start of frame 688
Debug: Window::Draw start
Debug: Window::Draw end
Debug: Start of frame 689
Debug: Window::Draw start
Debug: Window::Draw end
Debug: Start of frame 690
Debug: Window::Draw start
Debug: Window::Draw end
Debug: Start of frame 691
Debug: Window::Draw start
Debug: Window::Draw end
Debug: Start of frame 692
Debug: Window::Draw start
Debug: Window::Draw end
Debug: Start of frame 693
Debug: Window::Draw start
Debug: Window::Draw end
Debug: Start of frame 694
Debug: Window::Draw start
Debug: Window::Draw end
Debug: Start of frame 695
Debug: Window::Draw start
Debug: Window::Draw end
Debug: Start of frame 696
Debug: Window::Draw start
Debug: Window::Draw end
Debug: Start of frame 697
Debug: Window::Draw start
Debug: Window::Draw end
Debug: Start of frame 698
Debug: Window::Draw start
Debug: Window::Draw end
Debug: Start of frame 699
Debug: Window::Draw start
Debug: Window::Draw end
Debug: Start of frame 700
Debug: Window::Draw start
Debug: Window::Draw end
Debug: Start of frame 701
Debug: Window::Draw start
Debug: Window::Draw end
Debug: Start of frame 702
Debug: Window::Draw start
Debug: Window::Draw end
Debug: Start of frame 703
Debug: Window::Draw start
Debug: Window::Draw end
Debug: Start of frame 704
Debug: Window::Draw start
Debug: Window::Draw end
Debug: Start of frame 705
Debug: Window::Draw start
Debug: Window::Draw end
Debug: Start of frame 706
Debug: Window::Draw start
Debug: Window::Draw end
Debug: Start of frame 707
Debug: Window::Draw start
Debug: Window::Draw end
Debug: Start of frame 708
Debug: Window::Draw start
Debug: Window::Draw end
Debug: Start of frame 709
Debug: Window::Draw start
Debug: Window::Draw end
Debug: Start of frame 710
Debug: Window::Draw start
Debug: Window::Draw end
Debug: Start of frame 711
Debug: Window::Draw start
Debug: Window::Draw end
Debug: Start of frame 712
Debug: Window::Draw start
Debug: Window::Draw end
Debug: Start of frame 713
Debug: Window::Draw start
Debug: Window::Draw end
Debug: Start of frame 714
Debug: Window::Draw start
Debug: Window::Draw end
Debug: Start of frame 715
Debug: Window::Draw start
Debug: Window::Draw end
Debug: Start of frame 716
Debug: Window::Draw start
Debug: Window::Draw end
Debug: Start of frame 717
Debug: Window::Draw start
Debug: Window::Draw end
Debug: Start of frame 718
Debug: Window::Draw start
Debug: Window::Draw end
Debug: Start of frame 719
Debug: Window::Draw start
Debug: Window::Draw end
Debug: Start of frame 720
Debug: Window::Draw start
Debug: Window::Draw end
Debug: Start of frame 721
Debug: Window::Draw start
Debug: Window::Draw end
Debug: Start of frame 722
Debug: Window::Draw start
Debug: Window::Draw end
Debug: Start of frame 723
Debug: Window::Draw start
Debug: Window::Draw end
Debug: Start of frame 724
Debug: Window::Draw start
Debug: Window::Draw end
Debug: Start of frame 725
Debug: Window::Draw start
Debug: Window::Draw end
Debug: Start of frame 726
Debug: Window::Draw start
Debug: Window::Draw end
Debug: Start of frame 727
Debug: Window::Draw start
Debug: Window::Draw end
Debug: Start of frame 728
Debug: Window::Draw start
Debug: Window::Draw end
Debug: Start of frame 729
Debug: Window::Draw start
Debug: Window::Draw end
Debug: Start of frame 730
Debug: Window::Draw start
Debug: Window::Draw end
Debug: Start of frame 731
Debug: Window::Draw start
Debug: Window::Draw end
Debug: Start of frame 732
Debug: Window::Draw start
Debug: Window::Draw end
Debug: Start of frame 733
Debug: Window::Draw start
Debug: Window::Draw end
Debug: Start of frame 734
Debug: Window::Draw start
Debug: Window::Draw end
Debug: Start of frame 735
Debug: Window::Draw start
Debug: Window::Draw end
Debug: Start of frame 736
Debug: Window::Draw start
Debug: Window::Draw end
Debug: Start of frame 737
Debug: Window::Draw start
Debug: Window::Draw end
Debug: Start of frame 738
Debug: Window::Draw start
Debug: Window::Draw end
Debug: Start of frame 739
Debug: Window::Draw start
Debug: Window::Draw end
Debug: Start of frame 740
Debug: Window::Draw start
Debug: Window::Draw end
Debug: Start of frame 741
Debug: Window::Draw start
Debug: Window::Draw end
Debug: Start of frame 742
Debug: Window::Draw start
Debug: Window::Draw end
Debug: Start of frame 743
Debug: Window::Draw start
Debug: Window::Draw end
Debug: Start of frame 744
Debug: Window::Draw start
Debug: Window::Draw end
Debug: Start of frame 745
Debug: Window::Draw start
Debug: Window::Draw end
Debug: Start of frame 746
Debug: Window::Draw start
Debug: Window::Draw end
Debug: Start of frame 747
Debug: Window::Draw start
Debug: Window::Draw end
Debug: Start of frame 748
Debug: Window::Draw start
Debug: Window::Draw end
Debug: Start of frame 749
Debug: Window::Draw start
Debug: Window::Draw end
Debug: Start of frame 750
Debug: Window::Draw start
Debug: Window::Draw end
Debug: Start of frame 751
Debug: Window::Draw start
Debug: Window::Draw end
Debug: Start of frame 752
Debug: Window::Draw start
Debug: Window::Draw end
Debug: Start of frame 753
Debug: Window::Draw start
Debug: Window::Draw end
Debug: Start of frame 754
Debug: Window::Draw start
Debug: Window::Draw end
Debug: Start of frame 755
Debug: Window::Draw start
Debug: Window::Draw end
Debug: Start of frame 756
Debug: Window::Draw start
Debug: Window::Draw end
Debug: Start of frame 757
Debug: Window::Draw start
Debug: Window::Draw end
Debug: Start of frame 758
Debug: Window::Draw start
Debug: Window::Draw end
Debug: Start of frame 759
Debug: Window::Draw start
Debug: Window::Draw end
Debug: Start of frame 760
Debug: Window::Draw start
Debug: Window::Draw end
Debug: Start of frame 761
Debug: Window::Draw start
Debug: Window::Draw end
Debug: Start of frame 762
Debug: Window::Draw start
Debug: Window::Draw end
Debug: Start of frame 763
Debug: Window::Draw start
Debug: Window::Draw end
Debug: Start of frame 764
Debug: Window::Draw start
Debug: Window::Draw end
Debug: Start of frame 765
Debug: Window::Draw start
Debug: Window::Draw end
Debug: Start of frame 766
Debug: Window::Draw start
Debug: Window::Draw end
Debug: Start of frame 767
Debug: Window::Draw start
Debug: Window::Draw end
Debug: Start of frame 768
Debug: Window::Draw start
Debug: Window::Draw end
Debug: Start of frame 769
Debug: Window::Draw start
Debug: Window::Draw end
Debug: Start of frame 770
Debug: Window::Draw start
Debug: Window::Draw end
Debug: Start of frame 771
Debug: Window::Draw start
Debug: Window::Draw end
Debug: Start of frame 772
Debug: Window::Draw start
Debug: Window::Draw end
Debug: Start of frame 773
Debug: Window::Draw start
Debug: Window::Draw end
Debug: Start of frame 774
Debug: Window::Draw start
Debug: Window::Draw end
Debug: Start of frame 775
Debug: Window::Draw start
Debug: Window::Draw end
Debug: Start of frame 776
Debug: Window::Draw start
Debug: Window::Draw end
Debug: Start of frame 777
Debug: Window::Draw start
Debug: Window::Draw end
Debug: Start of frame 778
Debug: Window::Draw start
Debug: Window::Draw end
Debug: Start of frame 779
Debug: Window::Draw start
Debug: Window::Draw end
Debug: Start of frame 780
Debug: Window::Draw start
Debug: Window::Draw end
Debug: Start of frame 781
Debug: Window::Draw start
Debug: Window::Draw end
Debug: Start of frame 782
Debug: Window::Draw start
Debug: Window::Draw end
Debug: Start of frame 783
Debug: Window::Draw start
Debug: Window::Draw end
Debug: Start of frame 784
Debug: Window::Draw start
Debug: Window::Draw end
Debug: Start of frame 785
Debug: Window::Draw start
Debug: Window::Draw end
Debug: Start of frame 786
Debug: Window::Draw start
Debug: Window::Draw end
Debug: Start of frame 787
Debug: Window::Draw start
Debug: Window::Draw end
Debug: Start of frame 788
Debug: Window::Draw start
Debug: Window::Draw end
Debug: Start of frame 789
Debug: Window::Draw start
Debug: Window::Draw end
Debug: Start of frame 790
Debug: Window::Draw start
Debug: Window::Draw end
Debug: Start of frame 791
Debug: Window::Draw start
Debug: Window::Draw end
Debug: Start of frame 792
Debug: Window::Draw start
Debug: Window::Draw end
Debug: Start of frame 793
Debug: Window::Draw start
Debug: Window::Draw end
Debug: Start of frame 794
Debug: Window::Draw start
Debug: Window::Draw end
Debug: Start of frame 795
Debug: Window::Draw start
Debug: Window::Draw end
Debug: Start of frame 796
Debug: Window::Draw start
Debug: Window::Draw end
Debug: Start of frame 797
Debug: Window::Draw start
Debug: Window::Draw end
Debug: Start of frame 798
Debug: Window::Draw start
Debug: Window::Draw end
Debug: Start of frame 799
Debug: Window::Draw start
Debug: Window::Draw end
Debug: Start of frame 800
Debug: Window::Draw start
Debug: Window::Draw end
Debug: Start of frame 801
Debug: Window::Draw start
Debug: Window::Draw end
Debug: Start of frame 802
Debug: Window::Draw start
Debug: Window::Draw end
Debug: Start of frame 803
Debug: Window::Draw start
Debug: Window::Draw end
Debug: Start of frame 804
Debug: Window::Draw start
Debug: Window::Draw end
Debug: Start of frame 805
Debug: Window::Draw start
Debug: Window::Draw end
Debug: Start of frame 806
Debug: Window::Draw start
Debug: Window::Draw end
Debug: Start of frame 807
Debug: Window::Draw start
Debug: Window::Draw end
Debug: Start of frame 808
Debug: Window::Draw start
Debug: Window::Draw end
Debug: Start of frame 809
Debug: Game State Manager: Set game state: Menu
Debug: Window::Draw start
Debug: Window::Draw end
Debug: Start of frame 810
Debug: Window::Draw start
Debug: Window::Draw end
Debug: Start of frame 811
Debug: Window::Draw start
Debug: Window::Draw end
Debug: Start of frame 812
Debug: Window::Draw start
Debug: Window::Draw end
Debug: Start of frame 813
Debug: Window::Draw start
Debug: Window::Draw end
Debug: Start of frame 814
Debug: Window::Draw start
Debug: Window::Draw end
Debug: Start of frame 815
Debug: Window::Draw start
Debug: Window::Draw end
Debug: Start of frame 816
Debug: Window::Draw start
Debug: Window::Draw end
Debug: Start of frame 817
Debug: Window::Draw start
Debug: Window::Draw end
Debug: Start of frame 818
Debug: Window::Draw start
Debug: Window::Draw end
Debug: Start of frame 819
Debug: Window::Draw start
Debug: Window::Draw end
Debug: Start of frame 820
Debug: Window::Draw start
Debug: Window::Draw end
Debug: Start of frame 821
Debug: Window::Draw start
Debug: Window::Draw end
Debug: Start of frame 822
Debug: Window::Draw start
Debug: Window::Draw end
Debug: Start of frame 823
Debug: Window::Draw start
Debug: Window::Draw end
Debug: Start of frame 824
Debug: Window::Draw start
Debug: Window::Draw end
Debug: Start of frame 825
Debug: Window::Draw start
Debug: Window::Draw end
Debug: Start of frame 826
Debug: Window::Draw start
Debug: Window::Draw end
Debug: Start of frame 827
Debug: Window::Draw start
Debug: Window::Draw end
Debug: Start of frame 828
Debug: Window::Draw start
Debug: Window::Draw end
Debug: Start of frame 829
Debug: Window::Draw start
Debug: Window::Draw end
Debug: Start of frame 830
Debug: Window::Draw start
Debug: Window::Draw end
Debug: Start of frame 831
Debug: Window::Draw start
Debug: Window::Draw end
Debug: Start of frame 832
Debug: Window::Draw start
Debug: Window::Draw end
Debug: Start of frame 833
Debug: Window::Draw start
Debug: Window::Draw end
Debug: Start of frame 834
Debug: Window::Draw start
Debug: Window::Draw end
Debug: Start of frame 835
Debug: Window::Draw start
Debug: Window::Draw end
Debug: Start of frame 836
Debug: Window::Draw start
Debug: Window::Draw end
Debug: Start of frame 837
Debug: Window::Draw start
Debug: Window::Draw end
Debug: Start of frame 838
Debug: Window::Draw start
Debug: Window::Draw end
Debug: Start of frame 839
Debug: Window::Draw start
Debug: Window::Draw end
Debug: Start of frame 840
Debug: Window::Draw start
Debug: Window::Draw end
Debug: Start of frame 841
Debug: Window::Draw start
Debug: Window::Draw end
Debug: Start of frame 842
Debug: Window::Draw start
Debug: Window::Draw end
Debug: Start of frame 843
Debug: Window::Draw start
Debug: Window::Draw end
Debug: Start of frame 844
Debug: Window::Draw start
Debug: Window::Draw end
Debug: Start of frame 845
Debug: Window::Draw start
Debug: Window::Draw end
Debug: Start of frame 846
Debug: Window::Draw start
Debug: Window::Draw end
Debug: Start of frame 847
Debug: Window::Draw start
Debug: Window::Draw end
Debug: Start of frame 848
Debug: Window::Draw start
Debug: Window::Draw end
Debug: Start of frame 849
Debug: Window::Draw start
Debug: Window::Draw end
Debug: Start of frame 850
Debug: Window::Draw start
Debug: Window::Draw end
Debug: Start of frame 851
Debug: Window::Draw start
Debug: Window::Draw end
Debug: Start of frame 852
Debug: Window::Draw start
Debug: Window::Draw end
Debug: Start of frame 853
Debug: Window::Draw start
Debug: Window::Draw end
Debug: Start of frame 854
Debug: Window::Draw start
Debug: Window::Draw end
Debug: Start of frame 855
Debug: Window::Draw start
Debug: Window::Draw end
Debug: Start of frame 856
Debug: Window::Draw start
Debug: Window::Draw end
Debug: Start of frame 857
Debug: Window::Draw start
Debug: Window::Draw end
Debug: Start of frame 858
Debug: Window::Draw start
Debug: Window::Draw end
Debug: Start of frame 859
Debug: Window::Draw start
Debug: Window::Draw end
Debug: Start of frame 860
Debug: Window::Draw start
Debug: Window::Draw end
Debug: Start of frame 861
Debug: Window::Draw start
Debug: Window::Draw end
Debug: Start of frame 862
Debug: Window::Draw start
Debug: Window::Draw end
Debug: Start of frame 863
Debug: Window::Draw start
Debug: Window::Draw end
Debug: Start of frame 864
Debug: Window::Draw start
Debug: Window::Draw end
Debug: Start of frame 865
Debug: Window::Draw start
Debug: Window::Draw end
Debug: Start of frame 866
Debug: Window::Draw start
Debug: Window::Draw end
Debug: Start of frame 867
Debug: Window::Draw start
Debug: Window::Draw end
Debug: Start of frame 868
Debug: Window::Draw start
Debug: Window::Draw end
Debug: Start of frame 869
Debug: Window::Draw start
Debug: Window::Draw end
Debug: Start of frame 870
Debug: Window::Draw start
Debug: Window::Draw end
Debug: Start of frame 871
Debug: Window::Draw start
Debug: Window::Draw end
Debug: Start of frame 872
Debug: Window::Draw start
Debug: Window::Draw end
Debug: Start of frame 873
Debug: Window::Draw start
Debug: Window::Draw end
Debug: Start of frame 874
Debug: Window::Draw start
Debug: Window::Draw end
Debug: Start of frame 875
Debug: Window::Draw start
Debug: Window::Draw end
Debug: Start of frame 876
Debug: Window::Draw start
Debug: Window::Draw end
Debug: Start of frame 877
Debug: Window::Draw start
Debug: Window::Draw end
Debug: Start of frame 878
Debug: Window::Draw start
Debug: Window::Draw end
Debug: Start of frame 879
Debug: Window::Draw start
Debug: Window::Draw end
Debug: Start of frame 880
Debug: Window::Draw start
Debug: Window::Draw end
Debug: Start of frame 881
Debug: Window::Draw start
Debug: Window::Draw end
Debug: Start of frame 882
Debug: Window::Draw start
Debug: Window::Draw end
Debug: Start of frame 883
Debug: Window::Draw start
Debug: Window::Draw end
Debug: Start of frame 884
Debug: Window::Draw start
Debug: Window::Draw end
Debug: Start of frame 885
Debug: Window::Draw start
Debug: Window::Draw end
Debug: Start of frame 886
Debug: Window::Draw start
Debug: Window::Draw end
Debug: Start of frame 887
Debug: Window::Draw start
Debug: Window::Draw end
Debug: Start of frame 888
Debug: Window::Draw start
Debug: Window::Draw end
Debug: Start of frame 889
Debug: Window::Draw start
Debug: Window::Draw end
Debug: Start of frame 890
Debug: Window::Draw start
Debug: Window::Draw end
Debug: Start of frame 891
Debug: Window::Draw start
Debug: Window::Draw end
Debug: Start of frame 892
Debug: Window::Draw start
Debug: Window::Draw end
Debug: Start of frame 893
Debug: Window::Draw start
Debug: Window::Draw end
Debug: Start of frame 894
Debug: Window::Draw start
Debug: Window::Draw end
Debug: Start of frame 895
Debug: Window::Draw start
Debug: Window::Draw end
Debug: Start of frame 896
Debug: Window::Draw start
Debug: Window::Draw end
Debug: Start of frame 897
Debug: Window::Draw start
Debug: Window::Draw end
Debug: Start of frame 898
Debug: Window::Draw start
Debug: Window::Draw end
Debug: Start of frame 899
Debug: Window::Draw start
Debug: Window::Draw end
Debug: Start of frame 900
Debug: Window::Draw start
Debug: Window::Draw end
Debug: Start of frame 901
Debug: Window::Draw start
Debug: Window::Draw end
Debug: Start of frame 902
Debug: Window::Draw start
Debug: Window::Draw end
Debug: Start of frame 903
Debug: Window::Draw start
Debug: Window::Draw end
Debug: Start of frame 904
Debug: Window::Draw start
Debug: Window::Draw end
Debug: Start of frame 905
Debug: Window::Draw start
Debug: Window::Draw end
Debug: Start of frame 906
Debug: Window::Draw start
Debug: Window::Draw end
Debug: Start of frame 907
Debug: Window::Draw start
Debug: Window::Draw end
Debug: Start of frame 908
Debug: Window::Draw start
Debug: Window::Draw end
Debug: Start of frame 909
Debug: Window::Draw start
Debug: Window::Draw end
Debug: Start of frame 910
Debug: Window::Draw start
Debug: Window::Draw end
Debug: Start of frame 911
Debug: Window::Draw start
Debug: Window::Draw end
Debug: Start of frame 912
Debug: Window::Draw start
Debug: Window::Draw end
Debug: Start of frame 913
Debug: Window::Draw start
Debug: Window::Draw end
Debug: Start of frame 914
Debug: Window::Draw start
Debug: Window::Draw end
Debug: Start of frame 915
Debug: Window::Draw start
Debug: Window::Draw end
Debug: Start of frame 916
Debug: Window::Draw start
Debug: Window::Draw end
Debug: Start of frame 917
Debug: Window::Draw start
Debug: Window::Draw end
Debug: Start of frame 918
Debug: Window::Draw start
Debug: Window::Draw end
Debug: Start of frame 919
Debug: Window::Draw start
Debug: Window::Draw end
Debug: Start of frame 920
Debug: Window::Draw start
Debug: Window::Draw end
Debug: Start of frame 921
Debug: Window::Draw start
Debug: Window::Draw end
Debug: Start of frame 922
Debug: Window::Draw start
Debug: Window::Draw end
Debug: Start of frame 923
Debug: Window::Draw start
Debug: Window::Draw end
Debug: Start of frame 924
Debug: Window::Draw start
Debug: Window::Draw end
Debug: Start of frame 925
Debug: Window::Draw start
Debug: Window::Draw end
Debug: Start of frame 926
Debug: Window::Draw start
Debug: Window::Draw end
Debug: Start of frame 927
Debug: Window::Draw start
Debug: Window::Draw end
Debug: Start of frame 928
Debug: Window::Draw start
Debug: Window::Draw end
Debug: Start of frame 929
Debug: Window::Draw start
Debug: Window::Draw end
Debug: Start of frame 930
Debug: Window::Draw start
Debug: Window::Draw end
Debug: Start of frame 931
Debug: Window::Draw start
Debug: Window::Draw end
Debug: Start of frame 932
Debug: Window::Draw start
Debug: Window::Draw end
Debug: Start of frame 933
Debug: Window::Draw start
Debug: Window::Draw end
Debug: Start of frame 934
Debug: Window::Draw start
Debug: Window::Draw end
Debug: Start of frame 935
Debug: Window::Draw start
Debug: Window::Draw end
Debug: Start of frame 936
Debug: Window::Draw start
Debug: Window::Draw end
Debug: Start of frame 937
Debug: Window::Draw start
Debug: Window::Draw end
Debug: Start of frame 938
Debug: Window::Draw start
Debug: Window::Draw end
Debug: Start of frame 939
Debug: Window::Draw start
Debug: Window::Draw end
Debug: Start of frame 940
Debug: Window::Draw start
Debug: Window::Draw end
Debug: Start of frame 941
Debug: Window::Draw start
Debug: Window::Draw end
Debug: Start of frame 942
Debug: Window::Draw start
Debug: Window::Draw end
Debug: Start of frame 943
Debug: Window::Draw start
Debug: Window::Draw end
Debug: Start of frame 944
Debug: Window::Draw start
Debug: Window::Draw end
Debug: Start of frame 945
Debug: Window::Draw start
Debug: Window::Draw end
Debug: Start of frame 946
Debug: Window::Draw start
Debug: Window::Draw end
Debug: Start of frame 947
Debug: Window::Draw start
Debug: Window::Draw end
Debug: Start of frame 948
Debug: Window::Draw start
Debug: Window::Draw end
Debug: Start of frame 949
Debug: Window::Draw start
Debug: Window::Draw end
Debug: Start of frame 950
Debug: Window::Draw start
Debug: Window::Draw end
Debug: Start of frame 951
Debug: Window::Draw start
Debug: Window::Draw end
Debug: Start of frame 952
Debug: Window::Draw start
Debug: Window::Draw end
Debug: Start of frame 953
Debug: Window::Draw start
Debug: Window::Draw end
Debug: Start of frame 954
Debug: Window::Draw start
Debug: Window::Draw end
Debug: Start of frame 955
Debug: Window::Draw start
Debug: Window::Draw end
Debug: Start of frame 956
Debug: Window::Draw start
Debug: Window::Draw end
Debug: Start of frame 957
Debug: Window::Draw start
Debug: Window::Draw end
Debug: Start of frame 958
Debug: Window::Draw start
Debug: Window::Draw end
Debug: Start of frame 959
Debug: Window::Draw start
Debug: Window::Draw end
Debug: Start of frame 960
Debug: Window::Draw start
Debug: Window::Draw end
Debug: Start of frame 961
Debug: Window::Draw start
Debug: Window::Draw end
Debug: Start of frame 962
Debug: Window::Draw start
Debug: Window::Draw end
Debug: Start of frame 963
Debug: Window::Draw start
Debug: Window::Draw end
Debug: Start of frame 964
Debug: Window::Draw start
Debug: Window::Draw end
Debug: Start of frame 965
Debug: Window::Draw start
Debug: Window::Draw end
Debug: Start of frame 966
Debug: Window::Draw start
Debug: Window::Draw end
Debug: Start of frame 967
Debug: Window::Draw start
Debug: Window::Draw end
Debug: Start of frame 968
Debug: Window::Draw start
Debug: Window::Draw end
Debug: Start of frame 969
Debug: Window::Draw start
Debug: Window::Draw end
Debug: Start of frame 970
Debug: Window::Draw start
Debug: Window::Draw end
Debug: Start of frame 971
Debug: Window::Draw start
Debug: Window::Draw end
Debug: Start of frame 972
Debug: Window::Draw start
Debug: Window::Draw end
Debug: Start of frame 973
Debug: Window::Draw start
Debug: Window::Draw end
Debug: Start of frame 974
Debug: Window::Draw start
Debug: Window::Draw end
Debug: Start of frame 975
Debug: Window::Draw start
Debug: Window::Draw end
Debug: Start of frame 976
Debug: Window::Draw start
Debug: Window::Draw end
Debug: Start of frame 977
Debug: Window::Draw start
Debug: Window::Draw end
Debug: Start of frame 978
Debug: Window::Draw start
Debug: Window::Draw end
Debug: Start of frame 979
Debug: Window::Draw start
Debug: Window::Draw end
Debug: Start of frame 980
Debug: Window::Draw start
Debug: Window::Draw end
Debug: Start of frame 981
Debug: Window::Draw start
Debug: Window::Draw end
Debug: Start of frame 982
Debug: Window::Draw start
Debug: Window::Draw end
Debug: Start of frame 983
Debug: Window::Draw start
Debug: Window::Draw end
Debug: Start of frame 984
Debug: Window::Draw start
Debug: Window::Draw end
Debug: Start of frame 985
Debug: Window::Draw start
Debug: Window::Draw end
Debug: Start of frame 986
Debug: Window::Draw start
Debug: Window::Draw end
Debug: Start of frame 987
Debug: Window::Draw start
Debug: Window::Draw end
Debug: Start of frame 988
Debug: Window::Draw start
Debug: Window::Draw end
Debug: Start of frame 989
Debug: Window::Draw start
Debug: Window::Draw end
Debug: Start of frame 990
Debug: Window::Draw start
Debug: Window::Draw end
Debug: Start of frame 991
Debug: Window::Draw start
Debug: Window::Draw end
Debug: Start of frame 992
Debug: Window::Draw start
Debug: Window::Draw end
Debug: Start of frame 993
Debug: Window::Draw start
Debug: Window::Draw end
Debug: Start of frame 994
Debug: Window::Draw start
Debug: Window::Draw end
Debug: Start of frame 995
Debug: Window::Draw start
Debug: Window::Draw end
Debug: Start of frame 996
Debug: Window::Draw start
Debug: Window::Draw end
Debug: Start of frame 997
Debug: Window::Draw start
Debug: Window::Draw end
Debug: Start of frame 998
Debug: Window::Draw start
Debug: Window::Draw end
Debug: Start of frame 999
Debug: Window::Draw start
Debug: Window::Draw end
Debug: Start of frame 1000
Debug: Window::Draw start
Debug: Window::Draw end
Debug: Start of frame 1001
Debug: Window::Draw start
Debug: Window::Draw end
Debug: Start of frame 1002
Debug: Window::Draw start
Debug: Window::Draw end
Debug: Start of frame 1003
Debug: Window::Draw start
Debug: Window::Draw end
Debug: Start of frame 1004
Debug: Window::Draw start
Debug: Window::Draw end
Debug: Start of frame 1005
Debug: Window::Draw start
Debug: Window::Draw end
Debug: Start of frame 1006
Debug: Window::Draw start
Debug: Window::Draw end
Debug: Start of frame 1007
Debug: Window::Draw start
Debug: Window::Draw end
Debug: Start of frame 1008
Debug: Window::Draw start
Debug: Window::Draw end
Debug: Start of frame 1009
Debug: Window::Draw start
Debug: Window::Draw end
Debug: Start of frame 1010
Debug: Window::Draw start
Debug: Window::Draw end
Debug: Start of frame 1011
Debug: Window::Draw start
Debug: Window::Draw end
Debug: Start of frame 1012
Debug: Window::Draw start
Debug: Window::Draw end
Debug: Start of frame 1013
Debug: Window::Draw start
Debug: Window::Draw end
Debug: Start of frame 1014
Debug: Window::Draw start
Debug: Window::Draw end
Debug: Start of frame 1015
Debug: Window::Draw start
Debug: Window::Draw end
Debug: Start of frame 1016
Debug: Window::Draw start
Debug: Window::Draw end
Debug: Start of frame 1017
Debug: Window::Draw start
Debug: Window::Draw end
Debug: Start of frame 1018
Debug: Window::Draw start
Debug: Window::Draw end
Debug: Start of frame 1019
Debug: Window::Draw start
Debug: Window::Draw end
Debug: Start of frame 1020
Debug: Window::Draw start
Debug: Window::Draw end
Debug: Start of frame 1021
Debug: Window::Draw start
Debug: Window::Draw end
Debug: Start of frame 1022
Debug: Window::Draw start
Debug: Window::Draw end
Debug: Start of frame 1023
Debug: Window::Draw start
Debug: Window::Draw end
Debug: Start of frame 1024
Debug: Window::Draw start
Debug: Window::Draw end
Debug: Start of frame 1025
Debug: Window::Draw start
Debug: Window::Draw end
Debug: Start of frame 1026
Debug: Window::Draw start
Debug: Window::Draw end
Debug: Start of frame 1027
Debug: Window::Draw start
Debug: Window::Draw end
Debug: Start of frame 1028
Debug: Window::Draw start
Debug: Window::Draw end
Debug: Start of frame 1029
Debug: Window::Draw start
Debug: Window::Draw end
Debug: Start of frame 1030
Debug: Window::Draw start
Debug: Window::Draw end
Debug: Start of frame 1031
Debug: Window::Draw start
Debug: Window::Draw end
Debug: Start of frame 1032
Debug: Window::Draw start
Debug: Window::Draw end
Debug: Start of frame 1033
Debug: Window::Draw start
Debug: Window::Draw end
Debug: Start of frame 1034
Debug: Window::Draw start
Debug: Window::Draw end
Debug: Start of frame 1035
Debug: Window::Draw start
Debug: Window::Draw end
Debug: Start of frame 1036
Debug: Window::Draw start
Debug: Window::Draw end
Debug: Start of frame 1037
Debug: Window::Draw start
Debug: Window::Draw end
Debug: Start of frame 1038
Debug: Window::Draw start
Debug: Window::Draw end
Debug: Start of frame 1039
Debug: Window::Draw start
Debug: Window::Draw end
Debug: Start of frame 1040
Debug: Window::Draw start
Debug: Window::Draw end
Debug: Start of frame 1041
Debug: Window::Draw start
Debug: Window::Draw end
Debug: Start of frame 1042
Debug: Window::Draw start
Debug: Window::Draw end
Debug: Start of frame 1043
Debug: Window::Draw start
Debug: Window::Draw end
Debug: Start of frame 1044
Debug: Window::Draw start
Debug: Window::Draw end
Debug: Start of frame 1045
Debug: Window::Draw start
Debug: Window::Draw end
Debug: Start of frame 1046
Debug: Window::Draw start
Debug: Window::Draw end
Debug: Start of frame 1047
Debug: Window::Draw start
Debug: Window::Draw end
Debug: Start of frame 1048
Debug: Window::Draw start
Debug: Window::Draw end
Debug: Start of frame 1049
Debug: Window::Draw start
Debug: Window::Draw end
Debug: Start of frame 1050
Debug: Window::Draw start
Debug: Window::Draw end
Debug: Start of frame 1051
Debug: Window::Draw start
Debug: Window::Draw end
Debug: Start of frame 1052
Debug: Window::Draw start
Debug: Window::Draw end
Debug: Start of frame 1053
Debug: Window::Draw start
Debug: Window::Draw end
Debug: Start of frame 1054
Debug: Window::Draw start
Debug: Window::Draw end
Debug: Start of frame 1055
Debug: Window::Draw start
Debug: Window::Draw end
Debug: Start of frame 1056
Debug: Window::Draw start
Debug: Window::Draw end
Debug: Start of frame 1057
Debug: Window::Draw start
Debug: Window::Draw end
Debug: Start of frame 1058
Debug: Window::Draw start
Debug: Window::Draw end
Debug: Start of frame 1059
Debug: Window::Draw start
Debug: Window::Draw end
Debug: Start of frame 1060
Debug: Window::Draw start
Debug: Window::Draw end
Debug: Start of frame 1061
Debug: Window::Draw start
Debug: Window::Draw end
Debug: Start of frame 1062
Debug: Window::Draw start
Debug: Window::Draw end
Debug: Start of frame 1063
Debug: Window::Draw start
Debug: Window::Draw end
Debug: Start of frame 1064
Debug: Window::Draw start
Debug: Window::Draw end
Debug: Start of frame 1065
Debug: Window::Draw start
Debug: Window::Draw end
Debug: Start of frame 1066
Debug: Window::Draw start
Debug: Window::Draw end
Debug: Start of frame 1067
Debug: Window::Draw start
Debug: Window::Draw end
Debug: Start of frame 1068
Debug: Window::Draw start
Debug: Window::Draw end
Debug: Start of frame 1069
Debug: Window::Draw start
Debug: Window::Draw end
Debug: Start of frame 1070
Debug: Window::Draw start
Debug: Window::Draw end
Debug: Start of frame 1071
Debug: Window::Draw start
Debug: Window::Draw end
Debug: Start of frame 1072
Debug: Window::Draw start
Debug: Window::Draw end
Debug: Start of frame 1073
Debug: Window::Draw start
Debug: Window::Draw end
Debug: Start of frame 1074
Debug: Window::Draw start
Debug: Window::Draw end
Debug: Start of frame 1075
Debug: Window::Draw start
Debug: Window::Draw end
Debug: Start of frame 1076
Debug: Window::Draw start
Debug: Window::Draw end
Debug: Start of frame 1077
Debug: Window::Draw start
Debug: Window::Draw end
Debug: Start of frame 1078
Debug: Window::Draw start
Debug: Window::Draw end
Debug: Start of frame 1079
Debug: Window::Draw start
Debug: Window::Draw end
Debug: Start of frame 1080
Debug: Window::Draw start
Debug: Window::Draw end
Debug: Start of frame 1081
Debug: Window::Draw start
Debug: Window::Draw end
Debug: Start of frame 1082
Debug: Window::Draw start
Debug: Window::Draw end
Debug: Start of frame 1083
Debug: Window::Draw start
Debug: Window::Draw end
Debug: Start of frame 1084
Debug: Window::Draw start
Debug: Window::Draw end
Debug: Start of frame 1085
Debug: Window::Draw start
Debug: Window::Draw end
Debug: Start of frame 1086
Debug: Window::Draw start
Debug: Window::Draw end
Debug: Start of frame 1087
Debug: Window::Draw start
Debug: Window::Draw end
Debug: Start of frame 1088
Debug: Window::Draw start
Debug: Window::Draw end
Debug: Start of frame 1089
Debug: Window::Draw start
Debug: Window::Draw end
Debug: Start of frame 1090
Debug: Window::Draw start
Debug: Window::Draw end
Debug: Start of frame 1091
Debug: Window::Draw start
Debug: Window::Draw end
Debug: Start of frame 1092
Debug: Window::Draw start
Debug: Window::Draw end
Debug: Start of frame 1093
Debug: Window::Draw start
Debug: Window::Draw end
Debug: Start of frame 1094
Debug: Window::Draw start
Debug: Window::Draw end
Debug: Start of frame 1095
Debug: Window::Draw start
Debug: Window::Draw end
Debug: Start of frame 1096
Debug: Window::Draw start
Debug: Window::Draw end
Debug: Start of frame 1097
Debug: Window::Draw start
Debug: Window::Draw end
Debug: Start of frame 1098
Debug: Window::Draw start
Debug: Window::Draw end
Debug: Start of frame 1099
Debug: Window::Draw start
Debug: Window::Draw end
Debug: Start of frame 1100
Debug: Window::Draw start
Debug: Window::Draw end
Debug: Start of frame 1101
Debug: Window::Draw start
Debug: Window::Draw end
Debug: Start of frame 1102
Debug: Window::Draw start
Debug: Window::Draw end
Debug: Start of frame 1103
Debug: Window::Draw start
Debug: Window::Draw end
Debug: Start of frame 1104
Debug: Window::Draw start
Debug: Window::Draw end
Debug: Start of frame 1105
Debug: Window::Draw start
Debug: Window::Draw end
Debug: Start of frame 1106
Debug: Window::Draw start
Debug: Window::Draw end
Debug: Start of frame 1107
Debug: Window::Draw start
Debug: Window::Draw end
Debug: Start of frame 1108
Debug: Window::Draw start
Debug: Window::Draw end
Debug: Start of frame 1109
Debug: Window::Draw start
Debug: Window::Draw end
Debug: Start of frame 1110
Debug: Window::Draw start
Debug: Window::Draw end
Debug: Start of frame 1111
Debug: Window::Draw start
Debug: Window::Draw end
Debug: Start of frame 1112
Debug: Window::Draw start
Debug: Window::Draw end
Debug: Start of frame 1113
Debug: Window::Draw start
Debug: Window::Draw end
Debug: Start of frame 1114
Debug: Window::Draw start
Debug: Window::Draw end
Debug: Start of frame 1115
Debug: Window::Draw start
Debug: Window::Draw end
Debug: Start of frame 1116
Debug: Window::Draw start
Debug: Window::Draw end
Debug: Start of frame 1117
Debug: Window::Draw start
Debug: Window::Draw end
Debug: Start of frame 1118
Debug: Window::Draw start
Debug: Window::Draw end
Debug: Start of frame 1119
Debug: Window::Draw start
Debug: Window::Draw end
Debug: Start of frame 1120
Debug: Window::Draw start
Debug: Window::Draw end
Debug: Start of frame 1121
Debug: Window::Draw start
Debug: Window::Draw end
Debug: Start of frame 1122
Debug: Window::Draw start
Debug: Window::Draw end
Debug: Start of frame 1123
Debug: Window::Draw start
Debug: Window::Draw end
Debug: Start of frame 1124
Debug: Window::Draw start
Debug: Window::Draw end
Debug: Start of frame 1125
Debug: Window::Draw start
Debug: Window::Draw end
Debug: Start of frame 1126
Debug: Window::Draw start
Debug: Window::Draw end
Debug: Start of frame 1127
Debug: Window::Draw start
Debug: Window::Draw end
Debug: Start of frame 1128
Debug: Window::Draw start
Debug: Window::Draw end
Debug: Start of frame 1129
Debug: Window::Draw start
Debug: Window::Draw end
Debug: Start of frame 1130
Debug: Window::Draw start
Debug: Window::Draw end
Debug: Start of frame 1131
Debug: Window::Draw start
Debug: Window::Draw end
Debug: Start of frame 1132
Debug: Window::Draw start
Debug: Window::Draw end
Debug: Start of frame 1133
Debug: Window::Draw start
Debug: Window::Draw end
Debug: Start of frame 1134
Debug: Window::Draw start
Debug: Window::Draw end
Debug: Start of frame 1135
Debug: Window::Draw start
Debug: Window::Draw end
Debug: Start of frame 1136
Debug: Window::Draw start
Debug: Window::Draw end
Debug: Start of frame 1137
Debug: Window::Draw start
Debug: Window::Draw end
Debug: Start of frame 1138
Debug: Window::Draw start
Debug: Window::Draw end
Debug: Start of frame 1139
Debug: Window::Draw start
Debug: Window::Draw end
Debug: Start of frame 1140
Debug: Window::Draw start
Debug: Window::Draw end
Debug: Start of frame 1141
Debug: Window::Draw start
Debug: Window::Draw end
Debug: Start of frame 1142
Debug: Window::Draw start
Debug: Window::Draw end
Debug: Start of frame 1143
Debug: Window::Draw start
Debug: Window::Draw end
Debug: Start of frame 1144
Debug: Window::Draw start
Debug: Window::Draw end
Debug: Start of frame 1145
Debug: Window::Draw start
Debug: Window::Draw end
Debug: Start of frame 1146
Debug: Window::Draw start
Debug: Window::Draw end
Debug: Start of frame 1147
Debug: Window::Draw start
Debug: Window::Draw end
Debug: Start of frame 1148
Debug: Window::Draw start
Debug: Window::Draw end
Debug: Start of frame 1149
Debug: Window::Draw start
Debug: Window::Draw end
Debug: Start of frame 1150
Debug: Window::Draw start
Debug: Window::Draw end
Debug: Start of frame 1151
Debug: Window::Draw start
Debug: Window::Draw end
Debug: Start of frame 1152
Debug: Window::Draw start
Debug: Window::Draw end
Debug: Start of frame 1153
Debug: Window::Draw start
Debug: Window::Draw end
Debug: Start of frame 1154
Debug: Window::Draw start
Debug: Window::Draw end
Debug: Start of frame 1155
Debug: Window::Draw start
Debug: Window::Draw end
Debug: Start of frame 1156
Debug: Window::Draw start
Debug: Window::Draw end
Debug: Start of frame 1157
Debug: Window::Draw start
Debug: Window::Draw end
Debug: Start of frame 1158
Debug: Window::Draw start
Debug: Window::Draw end
Debug: Start of frame 1159
Debug: Window::Draw start
Debug: Window::Draw end
Debug: Start of frame 1160
Debug: Window::Draw start
Debug: Window::Draw end
Debug: Start of frame 1161
Debug: Window::Draw start
Debug: Window::Draw end
Debug: Start of frame 1162
Debug: Window::Draw start
Debug: Window::Draw end
Debug: Start of frame 1163
Debug: Window::Draw start
Debug: Window::Draw end
Debug: Start of frame 1164
Debug: Window::Draw start
Debug: Window::Draw end
Debug: Start of frame 1165
Debug: Window::Draw start
Debug: Window::Draw end
Debug: Start of frame 1166
Debug: Window::Draw start
Debug: Window::Draw end
Debug: Start of frame 1167
Debug: Window::Draw start
Debug: Window::Draw end
Debug: Start of frame 1168
Debug: Window::Draw start
Debug: Window::Draw end
Debug: Start of frame 1169
Debug: Window::Draw start
Debug: Window::Draw end
Debug: Start of frame 1170
Debug: Window::Draw start
Debug: Window::Draw end
Debug: Start of frame 1171
Debug: Window::Draw start
Debug: Window::Draw end
Debug: Start of frame 1172
Debug: Window::Draw start
Debug: Window::Draw end
Debug: Start of frame 1173
Debug: Window::Draw start
Debug: Window::Draw end
Debug: Start of frame 1174
Debug: Window::Draw start
Debug: Window::Draw end
Debug: Start of frame 1175
Debug: Window::Draw start
Debug: Window::Draw end
Debug: Start of frame 1176
Debug: Window::Draw start
Debug: Window::Draw end
Debug: Start of frame 1177
Debug: Window::Draw start
Debug: Window::Draw end
Debug: Start of frame 1178
Debug: Window::Draw start
Debug: Window::Draw end
Debug: Start of frame 1179
Debug: Window::Draw start
Debug: Window::Draw end
Debug: Start of frame 1180
Debug: Window::Draw start
Debug: Window::Draw end
Debug: Start of frame 1181
Debug: Window::Draw start
Debug: Window::Draw end
Debug: Start of frame 1182
Debug: Window::Draw start
Debug: Window::Draw end
Debug: Start of frame 1183
Debug: Window::Draw start
Debug: Window::Draw end
Debug: Start of frame 1184
Debug: Window::Draw start
Debug: Window::Draw end
Debug: Start of frame 1185
Debug: Window::Draw start
Debug: Window::Draw end
Debug: Start of frame 1186
Debug: Window::Draw start
Debug: Window::Draw end
Debug: Start of frame 1187
Debug: Window::Draw start
Debug: Window::Draw end
Debug: Start of frame 1188
Debug: Window::Draw start
Debug: Window::Draw end
Debug: Start of frame 1189
Debug: Window::Draw start
Debug: Window::Draw end
Debug: Start of frame 1190
Debug: Window::Draw start
Debug: Window::Draw end
Debug: Start of frame 1191
Debug: Window::Draw start
Debug: Window::Draw end
Debug: Start of frame 1192
Debug: Window::Draw start
Debug: Window::Draw end
Debug: Start of frame 1193
Debug: Window::Draw start
Debug: Window::Draw end
Debug: Start of frame 1194
Debug: Window::Draw start
Debug: Window::Draw end
Debug: Start of frame 1195
Debug: Window::Draw start
Debug: Window::Draw end
Debug: Start of frame 1196
Debug: Window::Draw start
Debug: Window::Draw end
Debug: Start of frame 1197
Debug: Set game state: Walking
Debug: Window::Draw start
Debug: Window::Draw end
Debug: Start of frame 1198
Debug: Player: Deleted
Debug: Inventory: Deleted
Debug: Texture: Deleted Assets/Sprites/Alice_Neutral.png
Debug: Texture: Deleted Assets/Sprites/Wall2.png
Debug: Texture: Deleted Assets/Sprites/Coin.png
Debug: Texture: Deleted Assets/Sprites/Highlight_Box.png
Debug: Texture: Deleted Assets/Sprites/Inventory_Boxes_Pixel.png
Debug: Texture: Deleted 
Debug: Texture manager cleared
Debug: Texture: New texture loaded Assets/Sprites/Alice_Neutral.png
Debug: Texture: New texture loaded Assets/Sprites/Wall2.png
Debug: Texture: New texture loaded Assets/Sprites/Wall_Cracked.png
Debug: Texture: New texture loaded Assets/Sprites/Key.png
Debug: Texture: New texture loaded Assets/Sprites/LockedWall.png
Debug: Texture: New texture loaded Assets/Sprites/Coin.png
Debug: Texture: New texture loaded Assets/Sprites/Bumper.png
Debug: Texture: New texture loaded Assets/Sprites/Flag.png
Debug: Texture: New texture loaded 3925x58
Debug: Texture: New texture loaded Assets/Sprites/Highlight_Box.png
Debug: Texture: New texture loaded Assets/Sprites/Inventory_Boxes_Pixel.png
Debug: Inventory: Initialized
Debug: Player: Created
Debug: Window::Draw start
Debug: Window::Draw end
Debug: Start of frame 1199
Debug: Window::Draw start
Debug: Window::Draw end
Debug: Start of frame 1200
Debug: Window::Draw start
Debug: Window::Draw end
Debug: Start of frame 1201
Debug: Window::Draw start
Debug: Window::Draw end
Debug: Start of frame 1202
Debug: Window::Draw start
Debug: Window::Draw end
Debug: Start of frame 1203
Debug: Window::Draw start
Debug: Window::Draw end
Debug: Start of frame 1204
Debug: Window::Draw start
Debug: Window::Draw end
Debug: Start of frame 1205
Debug: Window::Draw start
Debug: Window::Draw end
Debug: Start of frame 1206
Debug: Window::Draw start
Debug: Window::Draw end
Debug: Start of frame 1207
Debug: Window::Draw start
Debug: Window::Draw end
Debug: Start of frame 1208
Debug: Window::Draw start
Debug: Window::Draw end
Debug: Start of frame 1209
Debug: Window::Draw start
Debug: Window::Draw end
Debug: Start of frame 1210
Debug: Window::Draw start
Debug: Window::Draw end
Debug: Start of frame 1211
Debug: Window::Draw start
Debug: Window::Draw end
Debug: Start of frame 1212
Debug: Window::Draw start
Debug: Window::Draw end
Debug: Start of frame 1213
Debug: Window::Draw start
Debug: Window::Draw end
Debug: Start of frame 1214
Debug: Window::Draw start
Debug: Window::Draw end
Debug: Start of frame 1215
Debug: Window::Draw start
Debug: Window::Draw end
Debug: Start of frame 1216
Debug: Window::Draw start
Debug: Window::Draw end
Debug: Start of frame 1217
Debug: Window::Draw start
Debug: Window::Draw end
Debug: Start of frame 1218
Debug: Window::Draw start
Debug: Window::Draw end
Debug: Start of frame 1219
Debug: Window::Draw start
Debug: Window::Draw end
Debug: Start of frame 1220
Debug: Window::Draw start
Debug: Window::Draw end
Debug: Start of frame 1221
Debug: Window::Draw start
Debug: Window::Draw end
Debug: Start of frame 1222
Debug: Window::Draw start
Debug: Window::Draw end
Debug: Start of frame 1223
Debug: Window::Draw start
Debug: Window::Draw end
Debug: Start of frame 1224
Debug: Window::Draw start
Debug: Window::Draw end
Debug: Start of frame 1225
Debug: Window::Draw start
Debug: Window::Draw end
Debug: Start of frame 1226
Debug: Window::Draw start
Debug: Window::Draw end
Debug: Start of frame 1227
Debug: Window::Draw start
Debug: Window::Draw end
Debug: Start of frame 1228
Debug: Window::Draw start
Debug: Window::Draw end
Debug: Start of frame 1229
Debug: Window::Draw start
Debug: Window::Draw end
Debug: Start of frame 1230
Debug: Window::Draw start
Debug: Window::Draw end
Debug: Start of frame 1231
Debug: Window::Draw start
Debug: Window::Draw end
Debug: Start of frame 1232
Debug: Window::Draw start
Debug: Window::Draw end
Debug: Start of frame 1233
Debug: Window::Draw start
Debug: Window::Draw end
Debug: Start of frame 1234
Debug: Window::Draw start
Debug: Window::Draw end
Debug: Start of frame 1235
Debug: Window::Draw start
Debug: Window::Draw end
Debug: Start of frame 1236
Debug: Window::Draw start
Debug: Window::Draw end
Debug: Start of frame 1237
Debug: Window::Draw start
Debug: Window::Draw end
Debug: Start of frame 1238
Debug: Window::Draw start
Debug: Window::Draw end
Debug: Start of frame 1239
Debug: Window::Draw start
Debug: Window::Draw end
Debug: Start of frame 1240
Debug: Window::Draw start
Debug: Window::Draw end
Debug: Start of frame 1241
Debug: Window::Draw start
Debug: Window::Draw end
Debug: Start of frame 1242
Debug: Window::Draw start
Debug: Window::Draw end
Debug: Start of frame 1243
Debug: Window::Draw start
Debug: Window::Draw end
Debug: Start of frame 1244
Debug: Window::Draw start
Debug: Window::Draw end
Debug: Start of frame 1245
Debug: Window::Draw start
Debug: Window::Draw end
Debug: Start of frame 1246
Debug: Window::Draw start
Debug: Window::Draw end
Debug: Start of frame 1247
Debug: Window::Draw start
Debug: Window::Draw end
Debug: Start of frame 1248
Debug: Window::Draw start
Debug: Window::Draw end
Debug: Start of frame 1249
Debug: Window::Draw start
Debug: Window::Draw end
Debug: Start of frame 1250
Debug: Window::Draw start
Debug: Window::Draw end
Debug: Start of frame 1251
Debug: Window::Draw start
Debug: Window::Draw end
Debug: Start of frame 1252
Debug: Window::Draw start
Debug: Window::Draw end
Debug: Start of frame 1253
Debug: Window::Draw start
Debug: Window::Draw end
Debug: Start of frame 1254
Debug: Window::Draw start
Debug: Window::Draw end
Debug: Start of frame 1255
Debug: Window::Draw start
Debug: Window::Draw end
Debug: Start of frame 1256
Debug: Window::Draw start
Debug: Window::Draw end
Debug: Start of frame 1257
Debug: Window::Draw start
Debug: Window::Draw end
Debug: Start of frame 1258
Debug: Window::Draw start
Debug: Window::Draw end
Debug: Start of frame 1259
Debug: Window::Draw start
Debug: Window::Draw end
Debug: Start of frame 1260
Debug: Window::Draw start
Debug: Window::Draw end
Debug: Start of frame 1261
Debug: Window::Draw start
Debug: Window::Draw end
Debug: Start of frame 1262
Debug: Window::Draw start
Debug: Window::Draw end
Debug: Start of frame 1263
Debug: Window::Draw start
Debug: Window::Draw end
Debug: Start of frame 1264
Debug: Window::Draw start
Debug: Window::Draw end
Debug: Start of frame 1265
Debug: Window::Draw start
Debug: Window::Draw end
Debug: Start of frame 1266
Debug: Window::Draw start
Debug: Window::Draw end
Debug: Start of frame 1267
Debug: Window::Draw start
Debug: Window::Draw end
Debug: Start of frame 1268
Debug: Window::Draw start
Debug: Window::Draw end
Debug: Start of frame 1269
Debug: Window::Draw start
Debug: Window::Draw end
Debug: Start of frame 1270
Debug: Window::Draw start
Debug: Window::Draw end
Debug: Start of frame 1271
Debug: Window::Draw start
Debug: Window::Draw end
Debug: Start of frame 1272
Debug: Window::Draw start
Debug: Window::Draw end
Debug: Start of frame 1273
Debug: Window::Draw start
Debug: Window::Draw end
Debug: Start of frame 1274
Debug: Window::Draw start
Debug: Window::Draw end
Debug: Start of frame 1275
Debug: Window::Draw start
Debug: Window::Draw end
Debug: Start of frame 1276
Debug: Window::Draw start
Debug: Window::Draw end
Debug: Start of frame 1277
Debug: Window::Draw start
Debug: Window::Draw end
Debug: Start of frame 1278
Debug: Window::Draw start
Debug: Window::Draw end
Debug: Start of frame 1279
Debug: Window::Draw start
Debug: Window::Draw end
Debug: Start of frame 1280
Debug: Window::Draw start
Debug: Window::Draw end
Debug: Start of frame 1281
Debug: Window::Draw start
Debug: Window::Draw end
Debug: Start of frame 1282
Debug: Window::Draw start
Debug: Window::Draw end
Debug: Start of frame 1283
Debug: Window::Draw start
Debug: Window::Draw end
Debug: Start of frame 1284
Debug: Window::Draw start
Debug: Window::Draw end
Debug: Start of frame 1285
Debug: Window::Draw start
Debug: Window::Draw end
Debug: Start of frame 1286
Debug: Window::Draw start
Debug: Window::Draw end
Debug: Start of frame 1287
Debug: Window::Draw start
Debug: Window::Draw end
Debug: Start of frame 1288
Debug: Window::Draw start
Debug: Window::Draw end
Debug: Start of frame 1289
Debug: Window::Draw start
Debug: Window::Draw end
Debug: Start of frame 1290
Debug: Window::Draw start
Debug: Window::Draw end
Debug: Start of frame 1291
Debug: Window::Draw start
Debug: Window::Draw end
Debug: Start of frame 1292
Debug: Window::Draw start
Debug: Window::Draw end
Debug: Start of frame 1293
Debug: Window::Draw start
Debug: Window::Draw end
Debug: Start of frame 1294
Debug: Window::Draw start
Debug: Window::Draw end
Debug: Start of frame 1295
Debug: Window::Draw start
Debug: Window::Draw end
Debug: Start of frame 1296
Debug: Window::Draw start
Debug: Window::Draw end
Debug: Start of frame 1297
Debug: Window::Draw start
Debug: Window::Draw end
Debug: Start of frame 1298
Debug: Window::Draw start
Debug: Window::Draw end
Debug: Start of frame 1299
Debug: Window::Draw start
Debug: Window::Draw end
Debug: Start of frame 1300
Debug: Window::Draw start
Debug: Window::Draw end
Debug: Start of frame 1301
Debug: Window::Draw start
Debug: Window::Draw end
Debug: Start of frame 1302
Debug: Window::Draw start
Debug: Window::Draw end
Debug: Start of frame 1303
Debug: Window::Draw start
Debug: Window::Draw end
Debug: Start of frame 1304
Debug: Window::Draw start
Debug: Window::Draw end
Debug: Start of frame 1305
Debug: Window::Draw start
Debug: Window::Draw end
Debug: Start of frame 1306
Debug: Window::Draw start
Debug: Window::Draw end
Debug: Start of frame 1307
Debug: Window::Draw start
Debug: Window::Draw end
Debug: Start of frame 1308
Debug: Window::Draw start
Debug: Window::Draw end
Debug: Start of frame 1309
Debug: Window::Draw start
Debug: Window::Draw end
Debug: Start of frame 1310
Debug: Window::Draw start
Debug: Window::Draw end
Debug: Start of frame 1311
Debug: Window::Draw start
Debug: Window::Draw end
Debug: Start of frame 1312
Debug: Window::Draw start
Debug: Window::Draw end
Debug: Start of frame 1313
Debug: Window::Draw start
Debug: Window::Draw end
Debug: Start of frame 1314
Debug: Window::Draw start
Debug: Window::Draw end
Debug: Start of frame 1315
Debug: Window::Draw start
Debug: Window::Draw end
Debug: Start of frame 1316
Debug: Window::Draw start
Debug: Window::Draw end
Debug: Start of frame 1317
Debug: Window::Draw start
Debug: Window::Draw end
Debug: Start of frame 1318
Debug: Window::Draw start
Debug: Window::Draw end
Debug: Start of frame 1319
Debug: Window::Draw start
Debug: Window::Draw end
Debug: Start of frame 1320
Debug: Window::Draw start
Debug: Window::Draw end
Debug: Start of frame 1321
Debug: Window::Draw start
Debug: Window::Draw end
Debug: Start of frame 1322
Debug: Window::Draw start
Debug: Window::Draw end
Debug: Start of frame 1323
Debug: Window::Draw start
Debug: Window::Draw end
Debug: Start of frame 1324
Debug: Window::Draw start
Debug: Window::Draw end
Debug: Start of frame 1325
Debug: Window::Draw start
Debug: Window::Draw end
Debug: Start of frame 1326
Debug: Window::Draw start
Debug: Window::Draw end
Debug: Start of frame 1327
Debug: Window::Draw start
Debug: Window::Draw end
Debug: Start of frame 1328
Debug: Window::Draw start
Debug: Window::Draw end
Debug: Start of frame 1329
Debug: Window::Draw start
Debug: Window::Draw end
Debug: Start of frame 1330
Debug: Window::Draw start
Debug: Window::Draw end
Debug: Start of frame 1331
Debug: Window::Draw start
Debug: Window::Draw end
Debug: Start of frame 1332
Debug: Window::Draw start
Debug: Window::Draw end
Debug: Start of frame 1333
Debug: Window::Draw start
Debug: Window::Draw end
Debug: Start of frame 1334
Debug: Window::Draw start
Debug: Window::Draw end
Debug: Start of frame 1335
Debug: Window::Draw start
Debug: Window::Draw end
Debug: Start of frame 1336
Debug: Window::Draw start
Debug: Window::Draw end
Debug: Start of frame 1337
Debug: Window::Draw start
Debug: Window::Draw end
Debug: Start of frame 1338
Debug: Window::Draw start
Debug: Window::Draw end
Debug: Start of frame 1339
Debug: Window::Draw start
Debug: Window::Draw end
Debug: Start of frame 1340
Debug: Window::Draw start
Debug: Window::Draw end
Debug: Start of frame 1341
Debug: Window::Draw start
Debug: Window::Draw end
Debug: Start of frame 1342
Debug: Window::Draw start
Debug: Window::Draw end
Debug: Start of frame 1343
Debug: Window::Draw start
Debug: Window::Draw end
Debug: Start of frame 1344
Debug: Window::Draw start
Debug: Window::Draw end
Debug: Start of frame 1345
Debug: Window::Draw start
Debug: Window::Draw end
Debug: Start of frame 1346
Debug: Window::Draw start
Debug: Window::Draw end
Debug: Start of frame 1347
Debug: Window::Draw start
Debug: Window::Draw end
Debug: Start of frame 1348
Debug: Window::Draw start
Debug: Window::Draw end
Debug: Start of frame 1349
Debug: Window::Draw start
Debug: Window::Draw end
Debug: Start of frame 1350
Debug: Window::Draw start
Debug: Window::Draw end
Debug: Start of frame 1351
Debug: Window::Draw start
Debug: Window::Draw end
Debug: Start of frame 1352
Debug: Window::Draw start
Debug: Window::Draw end
Debug: Start of frame 1353
Debug: Window::Draw start
Debug: Window::Draw end
Debug: Start of frame 1354
Debug: Window::Draw start
Debug: Window::Draw end
Debug: Start of frame 1355
Debug: Window::Draw start
Debug: Window::Draw end
Debug: Start of frame 1356
Debug: Window::Draw start
Debug: Window::Draw end
Debug: Start of frame 1357
Debug: Window::Draw start
Debug: Window::Draw end
Debug: Start of frame 1358
Debug: Window::Draw start
Debug: Window::Draw end
Debug: Start of frame 1359
Debug: Window::Draw start
Debug: Window::Draw end
Debug: Start of frame 1360
Debug: Window::Draw start
Debug: Window::Draw end
Debug: Start of frame 1361
Debug: Inventory: Added key no. 33
Debug: Window::Draw start
Debug: Window::Draw end
Debug: Start of frame 1362
Debug: Window::Draw start
Debug: Window::Draw end
Debug: Start of frame 1363
Debug: Window::Draw start
Debug: Window::Draw end
Debug: Start of frame 1364
Debug: Window::Draw start
Debug: Window::Draw end
Debug: Start of frame 1365
Debug: Window::Draw start
Debug: Window::Draw end
Debug: Start of frame 1366
Debug: Window::Draw start
Debug: Window::Draw end
Debug: Start of frame 1367
Debug: Window::Draw start
Debug: Window::Draw end
Debug: Start of frame 1368
Debug: Window::Draw start
Debug: Window::Draw end
Debug: Start of frame 1369
Debug: Window::Draw start
Debug: Window::Draw end
Debug: Start of frame 1370
Debug: Window::Draw start
Debug: Window::Draw end
Debug: Start of frame 1371
Debug: Window::Draw start
Debug: Window::Draw end
Debug: Start of frame 1372
Debug: Window::Draw start
Debug: Window::Draw end
Debug: Start of frame 1373
Debug: Window::Draw start
Debug: Window::Draw end
Debug: Start of frame 1374
Debug: Window::Draw start
Debug: Window::Draw end
Debug: Start of frame 1375
Debug: Window::Draw start
Debug: Window::Draw end
Debug: Start of frame 1376
Debug: Window::Draw start
Debug: Window::Draw end
Debug: Start of frame 1377
Debug: Window::Draw start
Debug: Window::Draw end
Debug: Start of frame 1378
Debug: Window::Draw start
Debug: Window::Draw end
Debug: Start of frame 1379
Debug: Window::Draw start
Debug: Window::Draw end
Debug: Start of frame 1380
Debug: Window::Draw start
Debug: Window::Draw end
Debug: Start of frame 1381
Debug: Window::Draw start
Debug: Window::Draw end
Debug: Start of frame 1382
Debug: Window::Draw start
Debug: Window::Draw end
Debug: Start of frame 1383
Debug: Window::Draw start
Debug: Window::Draw end
Debug: Start of frame 1384
Debug: Window::Draw start
Debug: Window::Draw end
Debug: Start of frame 1385
Debug: Window::Draw start
Debug: Window::Draw end
Debug: Start of frame 1386
Debug: Window::Draw start
Debug: Window::Draw end
Debug: Start of frame 1387
Debug: Window::Draw start
Debug: Window::Draw end
Debug: Start of frame 1388
Debug: Window::Draw start
Debug: Window::Draw end
Debug: Start of frame 1389
Debug: Window::Draw start
Debug: Window::Draw end
Debug: Start of frame 1390
Debug: Window::Draw start
Debug: Window::Draw end
Debug: Start of frame 1391
Debug: Window::Draw start
Debug: Window::Draw end
Debug: Start of frame 1392
Debug: Window::Draw start
Debug: Window::Draw end
Debug: Start of frame 1393
Debug: Window::Draw start
Debug: Window::Draw end
Debug: Start of frame 1394
Debug: Window::Draw start
Debug: Window::Draw end
Debug: Start of frame 1395
Debug: Window::Draw start
Debug: Window::Draw end
Debug: Start of frame 1396
Debug: Window::Draw start
Debug: Window::Draw end
Debug: Start of frame 1397
Debug: Window::Draw start
Debug: Window::Draw end
Debug: Start of frame 1398
Debug: Window::Draw start
Debug: Window::Draw end
Debug: Start of frame 1399
Debug: Window::Draw start
Debug: Window::Draw end
Debug: Start of frame 1400
Debug: Window::Draw start
Debug: Window::Draw end
Debug: Start of frame 1401
Debug: Window::Draw start
Debug: Window::Draw end
Debug: Start of frame 1402
Debug: Window::Draw start
Debug: Window::Draw end
Debug: Start of frame 1403
Debug: Window::Draw start
Debug: Window::Draw end
Debug: Start of frame 1404
Debug: Window::Draw start
Debug: Window::Draw end
Debug: Start of frame 1405
Debug: Window::Draw start
Debug: Window::Draw end
Debug: Start of frame 1406
Debug: Window::Draw start
Debug: Window::Draw end
Debug: Start of frame 1407
Debug: Window::Draw start
Debug: Window::Draw end
Debug: Start of frame 1408
Debug: Window::Draw start
Debug: Window::Draw end
Debug: Start of frame 1409
Debug: Window::Draw start
Debug: Window::Draw end
Debug: Start of frame 1410
Debug: Window::Draw start
Debug: Window::Draw end
Debug: Start of frame 1411
Debug: Window::Draw start
Debug: Window::Draw end
Debug: Start of frame 1412
Debug: Window::Draw start
Debug: Window::Draw end
Debug: Start of frame 1413
Debug: Window::Draw start
Debug: Window::Draw end
Debug: Start of frame 1414
Debug: Window::Draw start
Debug: Window::Draw end
Debug: Start of frame 1415
Debug: Window::Draw start
Debug: Window::Draw end
Debug: Start of frame 1416
Debug: Window::Draw start
Debug: Window::Draw end
Debug: Start of frame 1417
Debug: Window::Draw start
Debug: Window::Draw end
Debug: Start of frame 1418
Debug: Window::Draw start
Debug: Window::Draw end
Debug: Start of frame 1419
Debug: Window::Draw start
Debug: Window::Draw end
Debug: Start of frame 1420
Debug: Window::Draw start
Debug: Window::Draw end
Debug: Start of frame 1421
Debug: Window::Draw start
Debug: Window::Draw end
Debug: Start of frame 1422
Debug: Window::Draw start
Debug: Window::Draw end
Debug: Start of frame 1423
Debug: Window::Draw start
Debug: Window::Draw end
Debug: Start of frame 1424
Debug: Window::Draw start
Debug: Window::Draw end
Debug: Start of frame 1425
Debug: Window::Draw start
Debug: Window::Draw end
Debug: Start of frame 1426
Debug: Window::Draw start
Debug: Window::Draw end
Debug: Start of frame 1427
Debug: Window::Draw start
Debug: Window::Draw end
Debug: Start of frame 1428
Debug: Window::Draw start
Debug: Window::Draw end
Debug: Start of frame 1429
Debug: Window::Draw start
Debug: Window::Draw end
Debug: Start of frame 1430
Debug: Window::Draw start
Debug: Window::Draw end
Debug: Start of frame 1431
Debug: Window::Draw start
Debug: Window::Draw end
Debug: Start of frame 1432
Debug: Window::Draw start
Debug: Window::Draw end
Debug: Start of frame 1433
Debug: Window::Draw start
Debug: Window::Draw end
Debug: Start of frame 1434
Debug: Window::Draw start
Debug: Window::Draw end
Debug: Start of frame 1435
Debug: Window::Draw start
Debug: Window::Draw end
Debug: Start of frame 1436
Debug: Window::Draw start
Debug: Window::Draw end
Debug: Start of frame 1437
Debug: Window::Draw start
Debug: Window::Draw end
Debug: Start of frame 1438
Debug: Window::Draw start
Debug: Window::Draw end
Debug: Start of frame 1439
Debug: Window::Draw start
Debug: Window::Draw end
Debug: Start of frame 1440
Debug: Window::Draw start
Debug: Window::Draw end
Debug: Start of frame 1441
Debug: Window::Draw start
Debug: Window::Draw end
Debug: Start of frame 1442
Debug: Window::Draw start
Debug: Window::Draw end
Debug: Start of frame 1443
Debug: Window::Draw start
Debug: Window::Draw end
Debug: Start of frame 1444
Debug: Window::Draw start
Debug: Window::Draw end
Debug: Start of frame 1445
Debug: Window::Draw start
Debug: Window::Draw end
Debug: Start of frame 1446
Debug: Window::Draw start
Debug: Window::Draw end
Debug: Start of frame 1447
Debug: Window::Draw start
Debug: Window::Draw end
Debug: Start of frame 1448
Debug: Window::Draw start
Debug: Window::Draw end
Debug: Start of frame 1449
Debug: Window::Draw start
Debug: Window::Draw end
Debug: Start of frame 1450
Debug: Window::Draw start
Debug: Window::Draw end
Debug: Start of frame 1451
Debug: Window::Draw start
Debug: Window::Draw end
Debug: Start of frame 1452
Debug: Window::Draw start
Debug: Window::Draw end
Debug: Start of frame 1453
Debug: Window::Draw start
Debug: Window::Draw end
Debug: Start of frame 1454
Debug: Window::Draw start
Debug: Window::Draw end
Debug: Start of frame 1455
Debug: Window::Draw start
Debug: Window::Draw end
Debug: Start of frame 1456
Debug: Window::Draw start
Debug: Window::Draw end
Debug: Start of frame 1457
Debug: Window::Draw start
Debug: Window::Draw end
Debug: Start of frame 1458
Debug: Window::Draw start
Debug: Window::Draw end
Debug: Start of frame 1459
Debug: Window::Draw start
Debug: Window::Draw end
Debug: Start of frame 1460
Debug: Window::Draw start
Debug: Window::Draw end
Debug: Start of frame 1461
Debug: Window::Draw start
Debug: Window::Draw end
Debug: Start of frame 1462
Debug: Window::Draw start
Debug: Window::Draw end
Debug: Start of frame 1463
Debug: Window::Draw start
Debug: Window::Draw end
Debug: Start of frame 1464
Debug: Window::Draw start
Debug: Window::Draw end
Debug: Start of frame 1465
Debug: Window::Draw start
Debug: Window::Draw end
Debug: Start of frame 1466
Debug: Window::Draw start
Debug: Window::Draw end
Debug: Start of frame 1467
Debug: Window::Draw start
Debug: Window::Draw end
Debug: Start of frame 1468
Debug: Window::Draw start
Debug: Window::Draw end
Debug: Start of frame 1469
Debug: Window::Draw start
Debug: Window::Draw end
Debug: Start of frame 1470
Debug: Window::Draw start
Debug: Window::Draw end
Debug: Start of frame 1471
Debug: Window::Draw start
Debug: Window::Draw end
Debug: Start of frame 1472
Debug: Window::Draw start
Debug: Window::Draw end
Debug: Start of frame 1473
Debug: Window::Draw start
Debug: Window::Draw end
Debug: Start of frame 1474
Debug: Window::Draw start
Debug: Window::Draw end
Debug: Start of frame 1475
Debug: Window::Draw start
Debug: Window::Draw end
Debug: Start of frame 1476
Debug: Window::Draw start
Debug: Window::Draw end
Debug: Start of frame 1477
Debug: Window::Draw start
Debug: Window::Draw end
Debug: Start of frame 1478
Debug: Window::Draw start
Debug: Window::Draw end
Debug: Start of frame 1479
Debug: Window::Draw start
Debug: Window::Draw end
Debug: Start of frame 1480
Debug: Window::Draw start
Debug: Window::Draw end
Debug: Start of frame 1481
Debug: Window::Draw start
Debug: Window::Draw end
Debug: Start of frame 1482
Debug: Window::Draw start
Debug: Window::Draw end
Debug: Start of frame 1483
Debug: Window::Draw start
Debug: Window::Draw end
Debug: Start of frame 1484
Debug: Window::Draw start
Debug: Window::Draw end
Debug: Start of frame 1485
Debug: Window::Draw start
Debug: Window::Draw end
Debug: Start of frame 1486
Debug: Window::Draw start
Debug: Window::Draw end
Debug: Start of frame 1487
Debug: Window::Draw start
Debug: Window::Draw end
Debug: Start of frame 1488
Debug: Window::Draw start
Debug: Window::Draw end
Debug: Start of frame 1489
Debug: Window::Draw start
Debug: Window::Draw end
Debug: Start of frame 1490
Debug: Window::Draw start
Debug: Window::Draw end
Debug: Start of frame 1491
Debug: Window::Draw start
Debug: Window::Draw end
Debug: Start of frame 1492
Debug: Window::Draw start
Debug: Window::Draw end
Debug: Start of frame 1493
Debug: Window::Draw start
Debug: Window::Draw end
Debug: Start of frame 1494
Debug: Window::Draw start
Debug: Window::Draw end
Debug: Start of frame 1495
Debug: Window::Draw start
Debug: Window::Draw end
Debug: Start of frame 1496
Debug: Window::Draw start
Debug: Window::Draw end
Debug: Start of frame 1497
Debug: Window::Draw start
Debug: Window::Draw end
Debug: Start of frame 1498
Debug: Window::Draw start
Debug: Window::Draw end
Debug: Start of frame 1499
Debug: Window::Draw start
Debug: Window::Draw end
Debug: Start of frame 1500
Debug: Window::Draw start
Debug: Window::Draw end
Debug: Start of frame 1501
Debug: Window::Draw start
Debug: Window::Draw end
Debug: Start of frame 1502
Debug: Window::Draw start
Debug: Window::Draw end
Debug: Start of frame 1503
Debug: Window::Draw start
Debug: Window::Draw end
Debug: Start of frame 1504
Debug: Window::Draw start
Debug: Window::Draw end
Debug: Start of frame 1505
Debug: Window::Draw start
Debug: Window::Draw end
Debug: Start of frame 1506
Debug: Window::Draw start
Debug: Window::Draw end
Debug: Start of frame 1507
Debug: Window::Draw start
Debug: Window::Draw end
Debug: Start of frame 1508
Debug: Window::Draw start
Debug: Window::Draw end
Debug: Start of frame 1509
Debug: Window::Draw start
Debug: Window::Draw end
Debug: Start of frame 1510
Debug: Window::Draw start
Debug: Window::Draw end
Debug: Start of frame 1511
Debug: Window::Draw start
Debug: Window::Draw end
Debug: Start of frame 1512
Debug: Window::Draw start
Debug: Window::Draw end
Debug: Start of frame 1513
Debug: Window::Draw start
Debug: Window::Draw end
Debug: Start of frame 1514
Debug: Window::Draw start
Debug: Window::Draw end
Debug: Start of frame 1515
Debug: Window::Draw start
Debug: Window::Draw end
Debug: Start of frame 1516
Debug: Window::Draw start
Debug: Window::Draw end
Debug: Start of frame 1517
Debug: Window::Draw start
Debug: Window::Draw end
Debug: Start of frame 1518
Debug: Window::Draw start
Debug: Window::Draw end
Debug: Start of frame 1519
Debug: Window::Draw start
Debug: Window::Draw end
Debug: Start of frame 1520
Debug: Window::Draw start
Debug: Window::Draw end
Debug: Start of frame 1521
Debug: Window::Draw start
Debug: Window::Draw end
Debug: Start of frame 1522
Debug: Window::Draw start
Debug: Window::Draw end
Debug: Start of frame 1523
Debug: Window::Draw start
Debug: Window::Draw end
Debug: Start of frame 1524
Debug: Window::Draw start
Debug: Window::Draw end
Debug: Start of frame 1525
Debug: Window::Draw start
Debug: Window::Draw end
Debug: Start of frame 1526
Debug: Window::Draw start
Debug: Window::Draw end
Debug: Start of frame 1527
Debug: Window::Draw start
Debug: Window::Draw end
Debug: Start of frame 1528
Debug: Window::Draw start
Debug: Window::Draw end
Debug: Start of frame 1529
Debug: Window::Draw start
Debug: Window::Draw end
Debug: Start of frame 1530
Debug: Window::Draw start
Debug: Window::Draw end
Debug: Start of frame 1531
Debug: Window::Draw start
Debug: Window::Draw end
Debug: Start of frame 1532
Debug: Window::Draw start
Debug: Window::Draw end
Debug: Start of frame 1533
Debug: Window::Draw start
Debug: Window::Draw end
Debug: Start of frame 1534
Debug: Window::Draw start
Debug: Window::Draw end
Debug: Start of frame 1535
Debug: Window::Draw start
Debug: Window::Draw end
Debug: Start of frame 1536
Debug: Window::Draw start
Debug: Window::Draw end
Debug: Start of frame 1537
Debug: Window::Draw start
Debug: Window::Draw end
Debug: Start of frame 1538
Debug: Window::Draw start
Debug: Window::Draw end
Debug: Start of frame 1539
Debug: Window::Draw start
Debug: Window::Draw end
Debug: Start of frame 1540
Debug: Window::Draw start
Debug: Window::Draw end
Debug: Start of frame 1541
Debug: Window::Draw start
Debug: Window::Draw end
Debug: Start of frame 1542
Debug: Window::Draw start
Debug: Window::Draw end
Debug: Start of frame 1543
Debug: Window::Draw start
Debug: Window::Draw end
Debug: Start of frame 1544
Debug: Window::Draw start
Debug: Window::Draw end
Debug: Start of frame 1545
Debug: Window::Draw start
Debug: Window::Draw end
Debug: Start of frame 1546
Debug: Window::Draw start
Debug: Window::Draw end
Debug: Start of frame 1547
Debug: Window::Draw start
Debug: Window::Draw end
Debug: Start of frame 1548
Debug: Window::Draw start
Debug: Window::Draw end
Debug: Start of frame 1549
Debug: Window::Draw start
Debug: Window::Draw end
Debug: Start of frame 1550
Debug: Window::Draw start
Debug: Window::Draw end
Debug: Start of frame 1551
Debug: Window::Draw start
Debug: Window::Draw end
Debug: Start of frame 1552
Debug: Window::Draw start
Debug: Window::Draw end
Debug: Start of frame 1553
Debug: Window::Draw start
Debug: Window::Draw end
Debug: Start of frame 1554
Debug: Window::Draw start
Debug: Window::Draw end
Debug: Start of frame 1555
Debug: Window::Draw start
Debug: Window::Draw end
Debug: Start of frame 1556
Debug: Window::Draw start
Debug: Window::Draw end
Debug: Start of frame 1557
Debug: Window::Draw start
Debug: Window::Draw end
Debug: Start of frame 1558
Debug: Window::Draw start
Debug: Window::Draw end
Debug: Start of frame 1559
Debug: Window::Draw start
Debug: Window::Draw end
Debug: Start of frame 1560
Debug: Window::Draw start
Debug: Window::Draw end
Debug: Start of frame 1561
Debug: Window::Draw start
Debug: Window::Draw end
Debug: Start of frame 1562
Debug: Window::Draw start
Debug: Window::Draw end
Debug: Start of frame 1563
Debug: Window::Draw start
Debug: Window::Draw end
Debug: Start of frame 1564
Debug: Window::Draw start
Debug: Window::Draw end
Debug: Start of frame 1565
Debug: Window::Draw start
Debug: Window::Draw end
Debug: Start of frame 1566
Debug: Window::Draw start
Debug: Window::Draw end
Debug: Start of frame 1567
Debug: Window::Draw start
Debug: Window::Draw end
Debug: Start of frame 1568
Debug: Window::Draw start
Debug: Window::Draw end
Debug: Start of frame 1569
Debug: Window::Draw start
Debug: Window::Draw end
Debug: Start of frame 1570
Debug: Window::Draw start
Debug: Window::Draw end
Debug: Start of frame 1571
Debug: Window::Draw start
Debug: Window::Draw end
Debug: Start of frame 1572
Debug: Window::Draw start
Debug: Window::Draw end
Debug: Start of frame 1573
Debug: Window::Draw start
Debug: Window::Draw end
Debug: Start of frame 1574
Debug: Window::Draw start
Debug: Window::Draw end
Debug: Start of frame 1575
Debug: Window::Draw start
Debug: Window::Draw end
Debug: Start of frame 1576
Debug: Window::Draw start
Debug: Window::Draw end
Debug: Start of frame 1577
Debug: Window::Draw start
Debug: Window::Draw end
Debug: Start of frame 1578
Debug: Window::Draw start
Debug: Window::Draw end
Debug: Start of frame 1579
Debug: Window::Draw start
Debug: Window::Draw end
Debug: Start of frame 1580
Debug: Window::Draw start
Debug: Window::Draw end
Debug: Start of frame 1581
Debug: Window::Draw start
Debug: Window::Draw end
Debug: Start of frame 1582
Debug: Window::Draw start
Debug: Window::Draw end
Debug: Start of frame 1583
Debug: Window::Draw start
Debug: Window::Draw end
Debug: Start of frame 1584
Debug: Window::Draw start
Debug: Window::Draw end
Debug: Start of frame 1585
Debug: Window::Draw start
Debug: Window::Draw end
Debug: Start of frame 1586
Debug: Window::Draw start
Debug: Window::Draw end
Debug: Start of frame 1587
Debug: Window::Draw start
Debug: Window::Draw end
Debug: Start of frame 1588
Debug: Window::Draw start
Debug: Window::Draw end
Debug: Start of frame 1589
Debug: Window::Draw start
Debug: Window::Draw end
Debug: Start of frame 1590
Debug: Window::Draw start
Debug: Window::Draw end
Debug: Start of frame 1591
Debug: Window::Draw start
Debug: Window::Draw end
Debug: Start of frame 1592
Debug: Window::Draw start
Debug: Window::Draw end
Debug: Start of frame 1593
Debug: Window::Draw start
Debug: Window::Draw end
Debug: Start of frame 1594
Debug: Window::Draw start
Debug: Window::Draw end
Debug: Start of frame 1595
Debug: Window::Draw start
Debug: Window::Draw end
Debug: Start of frame 1596
Debug: Window::Draw start
Debug: Window::Draw end
Debug: Start of frame 1597
Debug: Window::Draw start
Debug: Window::Draw end
Debug: Start of frame 1598
Debug: Window::Draw start
Debug: Window::Draw end
Debug: Start of frame 1599
Debug: Window::Draw start
Debug: Window::Draw end
Debug: Start of frame 1600
Debug: Window::Draw start
Debug: Window::Draw end
Debug: Start of frame 1601
Debug: Window::Draw start
Debug: Window::Draw end
Debug: Start of frame 1602
Debug: Window::Draw start
Debug: Window::Draw end
Debug: Start of frame 1603
Debug: Window::Draw start
Debug: Window::Draw end
Debug: Start of frame 1604
Debug: Window::Draw start
Debug: Window::Draw end
Debug: Start of frame 1605
Debug: Window::Draw start
Debug: Window::Draw end
Debug: Start of frame 1606
Debug: Window::Draw start
Debug: Window::Draw end
Debug: Start of frame 1607
Debug: Window::Draw start
Debug: Window::Draw end
Debug: Start of frame 1608
Debug: Window::Draw start
Debug: Window::Draw end
Debug: Start of frame 1609
Debug: Window::Draw start
Debug: Window::Draw end
Debug: Start of frame 1610
Debug: Window::Draw start
Debug: Window::Draw end
Debug: Start of frame 1611
Debug: Window::Draw start
Debug: Window::Draw end
Debug: Start of frame 1612
Debug: Window::Draw start
Debug: Window::Draw end
Debug: Start of frame 1613
Debug: Window::Draw start
Debug: Window::Draw end
Debug: Start of frame 1614
Debug: Window::Draw start
Debug: Window::Draw end
Debug: Start of frame 1615
Debug: Window::Draw start
Debug: Window::Draw end
Debug: Start of frame 1616
Debug: Window::Draw start
Debug: Window::Draw end
Debug: Start of frame 1617
Debug: Window::Draw start
Debug: Window::Draw end
Debug: Start of frame 1618
Debug: Window::Draw start
Debug: Window::Draw end
Debug: Start of frame 1619
Debug: Window::Draw start
Debug: Window::Draw end
Debug: Start of frame 1620
Debug: Window::Draw start
Debug: Window::Draw end
Debug: Start of frame 1621
Debug: Window::Draw start
Debug: Window::Draw end
Debug: Start of frame 1622
Debug: Window::Draw start
Debug: Window::Draw end
Debug: Start of frame 1623
Debug: Window::Draw start
Debug: Window::Draw end
Debug: Start of frame 1624
Debug: Window::Draw start
Debug: Window::Draw end
Debug: Start of frame 1625
Debug: Window::Draw start
Debug: Window::Draw end
Debug: Start of frame 1626
Debug: Window::Draw start
Debug: Window::Draw end
Debug: Start of frame 1627
Debug: Window::Draw start
Debug: Window::Draw end
Debug: Start of frame 1628
Debug: Window::Draw start
Debug: Window::Draw end
Debug: Start of frame 1629
Debug: Window::Draw start
Debug: Window::Draw end
Debug: Start of frame 1630
Debug: Window::Draw start
Debug: Window::Draw end
Debug: Start of frame 1631
Debug: Window::Draw start
Debug: Window::Draw end
Debug: Start of frame 1632
Debug: Window::Draw start
Debug: Window::Draw end
Debug: Start of frame 1633
Debug: Window::Draw start
Debug: Window::Draw end
Debug: Start of frame 1634
Debug: Window::Draw start
Debug: Window::Draw end
Debug: Start of frame 1635
Debug: Window::Draw start
Debug: Window::Draw end
Debug: Start of frame 1636
Debug: Window::Draw start
Debug: Window::Draw end
Debug: Start of frame 1637
Debug: Window::Draw start
Debug: Window::Draw end
Debug: Start of frame 1638
Debug: Window::Draw start
Debug: Window::Draw end
Debug: Start of frame 1639
Debug: Window::Draw start
Debug: Window::Draw end
Debug: Start of frame 1640
Debug: Window::Draw start
Debug: Window::Draw end
Debug: Start of frame 1641
Debug: Window::Draw start
Debug: Window::Draw end
Debug: Start of frame 1642
Debug: Window::Draw start
Debug: Window::Draw end
Debug: Start of frame 1643
Debug: Window::Draw start
Debug: Window::Draw end
Debug: Start of frame 1644
Debug: Window::Draw start
Debug: Window::Draw end
Debug: Start of frame 1645
Debug: Window::Draw start
Debug: Window::Draw end
Debug: Start of frame 1646
Debug: Window::Draw start
Debug: Window::Draw end
Debug: Start of frame 1647
Debug: Window::Draw start
Debug: Window::Draw end
Debug: Start of frame 1648
Debug: Window::Draw start
Debug: Window::Draw end
Debug: Start of frame 1649
Debug: Window::Draw start
Debug: Window::Draw end
Debug: Start of frame 1650
Debug: Window::Draw start
Debug: Window::Draw end
Debug: Start of frame 1651
Debug: Window::Draw start
Debug: Window::Draw end
Debug: Start of frame 1652
Debug: Window::Draw start
Debug: Window::Draw end
Debug: Start of frame 1653
Debug: Window::Draw start
Debug: Window::Draw end
Debug: Start of frame 1654
Debug: Window::Draw start
Debug: Window::Draw end
Debug: Start of frame 1655
Debug: Window::Draw start
Debug: Window::Draw end
Debug: Start of frame 1656
Debug: Window::Draw start
Debug: Window::Draw end
Debug: Start of frame 1657
Debug: Window::Draw start
Debug: Window::Draw end
Debug: Start of frame 1658
Debug: Window::Draw start
Debug: Window::Draw end
Debug: Start of frame 1659
Debug: Window::Draw start
Debug: Window::Draw end
Debug: Start of frame 1660
Debug: Window::Draw start
Debug: Window::Draw end
Debug: Start of frame 1661
Debug: Window::Draw start
Debug: Window::Draw end
Debug: Start of frame 1662
Debug: Window::Draw start
Debug: Window::Draw end
Debug: Start of frame 1663
Debug: Window::Draw start
Debug: Window::Draw end
Debug: Start of frame 1664
Debug: Window::Draw start
Debug: Window::Draw end
Debug: Start of frame 1665
Debug: Window::Draw start
Debug: Window::Draw end
Debug: Start of frame 1666
Debug: Window::Draw start
Debug: Window::Draw end
Debug: Start of frame 1667
Debug: Window::Draw start
Debug: Window::Draw end
Debug: Start of frame 1668
Debug: Window::Draw start
Debug: Window::Draw end
Debug: Start of frame 1669
Debug: Window::Draw start
Debug: Window::Draw end
Debug: Start of frame 1670
Debug: Window::Draw start
Debug: Window::Draw end
Debug: Start of frame 1671
Debug: Window::Draw start
Debug: Window::Draw end
Debug: Start of frame 1672
Debug: Window::Draw start
Debug: Window::Draw end
Debug: Start of frame 1673
Debug: Window::Draw start
Debug: Window::Draw end
Debug: Start of frame 1674
Debug: Window::Draw start
Debug: Window::Draw end
Debug: Start of frame 1675
Debug: Window::Draw start
Debug: Window::Draw end
Debug: Start of frame 1676
Debug: Window::Draw start
Debug: Window::Draw end
Debug: Start of frame 1677
Debug: Window::Draw start
Debug: Window::Draw end
Debug: Start of frame 1678
Debug: Window::Draw start
Debug: Window::Draw end
Debug: Start of frame 1679
Debug: Window::Draw start
Debug: Window::Draw end
Debug: Start of frame 1680
Debug: Window::Draw start
Debug: Window::Draw end
Debug: Start of frame 1681
Debug: Window::Draw start
Debug: Window::Draw end
Debug: Start of frame 1682
Debug: Window::Draw start
Debug: Window::Draw end
Debug: Start of frame 1683
Debug: Window::Draw start
Debug: Window::Draw end
Debug: Start of frame 1684
Debug: Window::Draw start
Debug: Window::Draw end
Debug: Start of frame 1685
Debug: Window::Draw start
Debug: Window::Draw end
Debug: Start of frame 1686
Debug: Window::Draw start
Debug: Window::Draw end
Debug: Start of frame 1687
Debug: Window::Draw start
Debug: Window::Draw end
Debug: Start of frame 1688
Debug: Window::Draw start
Debug: Window::Draw end
Debug: Start of frame 1689
Debug: Window::Draw start
Debug: Window::Draw end
Debug: Start of frame 1690
Debug: Window::Draw start
Debug: Window::Draw end
Debug: Start of frame 1691
Debug: Window::Draw start
Debug: Window::Draw end
Debug: Start of frame 1692
Debug: Window::Draw start
Debug: Window::Draw end
Debug: Start of frame 1693
Debug: Window::Draw start
Debug: Window::Draw end
Debug: Start of frame 1694
Debug: Window::Draw start
Debug: Window::Draw end
Debug: Start of frame 1695
Debug: Window::Draw start
Debug: Window::Draw end
Debug: Start of frame 1696
Debug: Window::Draw start
Debug: Window::Draw end
Debug: Start of frame 1697
Debug: Window::Draw start
Debug: Window::Draw end
Debug: Start of frame 1698
Debug: Window::Draw start
Debug: Window::Draw end
Debug: Start of frame 1699
Debug: Window::Draw start
Debug: Window::Draw end
Debug: Start of frame 1700
Debug: Window::Draw start
Debug: Window::Draw end
Debug: Start of frame 1701
Debug: Window::Draw start
Debug: Window::Draw end
Debug: Start of frame 1702
Debug: Window::Draw start
Debug: Window::Draw end
Debug: Start of frame 1703
Debug: Window::Draw start
Debug: Window::Draw end
Debug: Start of frame 1704
Debug: Window::Draw start
Debug: Window::Draw end
Debug: Start of frame 1705
Debug: Window::Draw start
Debug: Window::Draw end
Debug: Start of frame 1706
Debug: Window::Draw start
Debug: Window::Draw end
Debug: Start of frame 1707
Debug: Window::Draw start
Debug: Window::Draw end
Debug: Start of frame 1708
Debug: Window::Draw start
Debug: Window::Draw end
Debug: Start of frame 1709
Debug: Window::Draw start
Debug: Window::Draw end
Debug: Start of frame 1710
Debug: Window::Draw start
Debug: Window::Draw end
Debug: Start of frame 1711
Debug: Window::Draw start
Debug: Window::Draw end
Debug: Start of frame 1712
Debug: Window::Draw start
Debug: Window::Draw end
Debug: Start of frame 1713
Debug: Window::Draw start
Debug: Window::Draw end
Debug: Start of frame 1714
Debug: Window::Draw start
Debug: Window::Draw end
Debug: Start of frame 1715
Debug: Window::Draw start
Debug: Window::Draw end
Debug: Start of frame 1716
Debug: Window::Draw start
Debug: Window::Draw end
Debug: Start of frame 1717
Debug: Window::Draw start
Debug: Window::Draw end
Debug: Start of frame 1718
Debug: Window::Draw start
Debug: Window::Draw end
Debug: Start of frame 1719
Debug: Window::Draw start
Debug: Window::Draw end
Debug: Start of frame 1720
Debug: Window::Draw start
Debug: Window::Draw end
Debug: Start of frame 1721
Debug: Window::Draw start
Debug: Window::Draw end
Debug: Start of frame 1722
Debug: Window::Draw start
Debug: Window::Draw end
Debug: Start of frame 1723
Debug: Window::Draw start
Debug: Window::Draw end
Debug: Start of frame 1724
Debug: Window::Draw start
Debug: Window::Draw end
Debug: Start of frame 1725
Debug: Window::Draw start
Debug: Window::Draw end
Debug: Start of frame 1726
Debug: Window::Draw start
Debug: Window::Draw end
Debug: Start of frame 1727
Debug: Window::Draw start
Debug: Window::Draw end
Debug: Start of frame 1728
Debug: Window::Draw start
Debug: Window::Draw end
Debug: Start of frame 1729
Debug: Window::Draw start
Debug: Window::Draw end
Debug: Start of frame 1730
Debug: Window::Draw start
Debug: Window::Draw end
Debug: Start of frame 1731
Debug: Window::Draw start
Debug: Window::Draw end
Debug: Start of frame 1732
Debug: Window::Draw start
Debug: Window::Draw end
Debug: Start of frame 1733
Debug: Window::Draw start
Debug: Window::Draw end
Debug: Start of frame 1734
Debug: Window::Draw start
Debug: Window::Draw end
Debug: Start of frame 1735
Debug: Window::Draw start
Debug: Window::Draw end
Debug: Start of frame 1736
Debug: Window::Draw start
Debug: Window::Draw end
Debug: Start of frame 1737
Debug: Window::Draw start
Debug: Window::Draw end
Debug: Start of frame 1738
Debug: Window::Draw start
Debug: Window::Draw end
Debug: Start of frame 1739
Debug: Window::Draw start
Debug: Window::Draw end
Debug: Start of frame 1740
Debug: Window::Draw start
Debug: Window::Draw end
Debug: Start of frame 1741
Debug: Window::Draw start
Debug: Window::Draw end
Debug: Start of frame 1742
Debug: Window::Draw start
Debug: Window::Draw end
Debug: Start of frame 1743
Debug: Window::Draw start
Debug: Window::Draw end
Debug: Start of frame 1744
Debug: Window::Draw start
Debug: Window::Draw end
Debug: Start of frame 1745
Debug: Window::Draw start
Debug: Window::Draw end
Debug: Start of frame 1746
Debug: Window::Draw start
Debug: Window::Draw end
Debug: Start of frame 1747
Debug: Window::Draw start
Debug: Window::Draw end
Debug: Start of frame 1748
Debug: Window::Draw start
Debug: Window::Draw end
Debug: Start of frame 1749
Debug: Window::Draw start
Debug: Window::Draw end
Debug: Start of frame 1750
Debug: Window::Draw start
Debug: Window::Draw end
Debug: Start of frame 1751
Debug: Window::Draw start
Debug: Window::Draw end
Debug: Start of frame 1752
Debug: Window::Draw start
Debug: Window::Draw end
Debug: Start of frame 1753
Debug: Window::Draw start
Debug: Window::Draw end
Debug: Start of frame 1754
Debug: Window::Draw start
Debug: Window::Draw end
Debug: Start of frame 1755
Debug: Window::Draw start
Debug: Window::Draw end
Debug: Start of frame 1756
Debug: Window::Draw start
Debug: Window::Draw end
Debug: Start of frame 1757
Debug: Window::Draw start
Debug: Window::Draw end
Debug: Start of frame 1758
Debug: Window::Draw start
Debug: Window::Draw end
Debug: Start of frame 1759
Debug: Window::Draw start
Debug: Window::Draw end
Debug: Start of frame 1760
Debug: Window::Draw start
Debug: Window::Draw end
Debug: Start of frame 1761
Debug: Window::Draw start
Debug: Window::Draw end
Debug: Start of frame 1762
Debug: Window::Draw start
Debug: Window::Draw end
Debug: Start of frame 1763
Debug: Window::Draw start
Debug: Window::Draw end
Debug: Start of frame 1764
Debug: Window::Draw start
Debug: Window::Draw end
Debug: Start of frame 1765
Debug: Window::Draw start
Debug: Window::Draw end
Debug: Start of frame 1766
Debug: Window::Draw start
Debug: Window::Draw end
Debug: Start of frame 1767
Debug: Window::Draw start
Debug: Window::Draw end
Debug: Start of frame 1768
Debug: Window::Draw start
Debug: Window::Draw end
Debug: Start of frame 1769
Debug: Window::Draw start
Debug: Window::Draw end
Debug: Start of frame 1770
Debug: Window::Draw start
Debug: Window::Draw end
Debug: Start of frame 1771
Debug: Window::Draw start
Debug: Window::Draw end
Debug: Start of frame 1772
Debug: Window::Draw start
Debug: Window::Draw end
Debug: Start of frame 1773
Debug: Window::Draw start
Debug: Window::Draw end
Debug: Start of frame 1774
Debug: Window::Draw start
Debug: Window::Draw end
Debug: Start of frame 1775
Debug: Window::Draw start
Debug: Window::Draw end
Debug: Start of frame 1776
Debug: Window::Draw start
Debug: Window::Draw end
Debug: Start of frame 1777
Debug: Window::Draw start
Debug: Window::Draw end
Debug: Start of frame 1778
Debug: Window::Draw start
Debug: Window::Draw end
Debug: Start of frame 1779
Debug: Window::Draw start
Debug: Window::Draw end
Debug: Start of frame 1780
Debug: Window::Draw start
Debug: Window::Draw end
Debug: Start of frame 1781
Debug: Window::Draw start
Debug: Window::Draw end
Debug: Start of frame 1782
Debug: Window::Draw start
Debug: Window::Draw end
Debug: Start of frame 1783
Debug: Window::Draw start
Debug: Window::Draw end
Debug: Start of frame 1784
Debug: Window::Draw start
Debug: Window::Draw end
Debug: Start of frame 1785
Debug: Window::Draw start
Debug: Window::Draw end
Debug: Start of frame 1786
Debug: Window::Draw start
Debug: Window::Draw end
Debug: Start of frame 1787
Debug: Window::Draw start
Debug: Window::Draw end
Debug: Start of frame 1788
Debug: Window::Draw start
Debug: Window::Draw end
Debug: Start of frame 1789
Debug: Window::Draw start
Debug: Window::Draw end
Debug: Start of frame 1790
Debug: Window::Draw start
Debug: Window::Draw end
Debug: Start of frame 1791
Debug: Window::Draw start
Debug: Window::Draw end
Debug: Start of frame 1792
Debug: Window::Draw start
Debug: Window::Draw end
Debug: Start of frame 1793
Debug: Window::Draw start
Debug: Window::Draw end
Debug: Start of frame 1794
Debug: Window::Draw start
Debug: Window::Draw end
Debug: Start of frame 1795
Debug: Window::Draw start
Debug: Window::Draw end
Debug: Start of frame 1796
Debug: Window::Draw start
Debug: Window::Draw end
Debug: Start of frame 1797
Debug: Window::Draw start
Debug: Window::Draw end
Debug: Start of frame 1798
Debug: Window::Draw start
Debug: Window::Draw end
Debug: Start of frame 1799
Debug: Window::Draw start
Debug: Window::Draw end
Debug: Start of frame 1800
Debug: Window::Draw start
Debug: Window::Draw end
Debug: Start of frame 1801
Debug: Window::Draw start
Debug: Window::Draw end
Debug: Start of frame 1802
Debug: Window::Draw start
Debug: Window::Draw end
Debug: Start of frame 1803
Debug: Window::Draw start
Debug: Window::Draw end
Debug: Start of frame 1804
Debug: Window::Draw start
Debug: Window::Draw end
Debug: Start of frame 1805
Debug: Window::Draw start
Debug: Window::Draw end
Debug: Start of frame 1806
Debug: Window::Draw start
Debug: Window::Draw end
Debug: Start of frame 1807
Debug: Window::Draw start
Debug: Window::Draw end
Debug: Start of frame 1808
Debug: Window::Draw start
Debug: Window::Draw end
Debug: Start of frame 1809
Debug: Window::Draw start
Debug: Window::Draw end
Debug: Start of frame 1810
Debug: Window::Draw start
Debug: Window::Draw end
Debug: Start of frame 1811
Debug: Window::Draw start
Debug: Window::Draw end
Debug: Start of frame 1812
Debug: Window::Draw start
Debug: Window::Draw end
Debug: Start of frame 1813
Debug: Window::Draw start
Debug: Window::Draw end
Debug: Start of frame 1814
Debug: Window::Draw start
Debug: Window::Draw end
Debug: Start of frame 1815
Debug: Window::Draw start
Debug: Window::Draw end
Debug: Start of frame 1816
Debug: Window::Draw start
Debug: Window::Draw end
Debug: Start of frame 1817
Debug: Window::Draw start
Debug: Window::Draw end
Debug: Start of frame 1818
Debug: Window::Draw start
Debug: Window::Draw end
Debug: Start of frame 1819
Debug: Window::Draw start
Debug: Window::Draw end
Debug: Start of frame 1820
Debug: Window::Draw start
Debug: Window::Draw end
Debug: Start of frame 1821
Debug: Window::Draw start
Debug: Window::Draw end
Debug: Start of frame 1822
Debug: Window::Draw start
Debug: Window::Draw end
Debug: Start of frame 1823
Debug: Window::Draw start
Debug: Window::Draw end
Debug: Start of frame 1824
Debug: Window::Draw start
Debug: Window::Draw end
Debug: Start of frame 1825
Debug: Window::Draw start
Debug: Window::Draw end
Debug: Start of frame 1826
Debug: Window::Draw start
Debug: Window::Draw end
Debug: Start of frame 1827
Debug: Window::Draw start
Debug: Window::Draw end
Debug: Start of frame 1828
Debug: Window::Draw start
Debug: Window::Draw end
Debug: Start of frame 1829
Debug: Window::Draw start
Debug: Window::Draw end
Debug: Start of frame 1830
Debug: Window::Draw start
Debug: Window::Draw end
Debug: Start of frame 1831
Debug: Window::Draw start
Debug: Window::Draw end
Debug: Start of frame 1832
Debug: Window::Draw start
Debug: Window::Draw end
Debug: Start of frame 1833
Debug: Window::Draw start
Debug: Window::Draw end
Debug: Start of frame 1834
Debug: Window::Draw start
Debug: Window::Draw end
Debug: Start of frame 1835
Debug: Window::Draw start
Debug: Window::Draw end
Debug: Start of frame 1836
Debug: Window::Draw start
Debug: Window::Draw end
Debug: Start of frame 1837
Debug: Window::Draw start
Debug: Window::Draw end
Debug: Start of frame 1838
Debug: Window::Draw start
Debug: Window::Draw end
Debug: Start of frame 1839
Debug: Window::Draw start
Debug: Window::Draw end
Debug: Start of frame 1840
Debug: Window::Draw start
Debug: Window::Draw end
Debug: Start of frame 1841
Debug: Window::Draw start
Debug: Window::Draw end
Debug: Start of frame 1842
Debug: Window::Draw start
Debug: Window::Draw end
Debug: Start of frame 1843
Debug: Window::Draw start
Debug: Window::Draw end
Debug: Start of frame 1844
Debug: Window::Draw start
Debug: Window::Draw end
Debug: Start of frame 1845
Debug: Window::Draw start
Debug: Window::Draw end
Debug: Start of frame 1846
Debug: Window::Draw start
Debug: Window::Draw end
Debug: Start of frame 1847
Debug: Window::Draw start
Debug: Window::Draw end
Debug: Start of frame 1848
Debug: Window::Draw start
Debug: Window::Draw end
Debug: Start of frame 1849
Debug: Window::Draw start
Debug: Window::Draw end
Debug: Start of frame 1850
Debug: Window::Draw start
Debug: Window::Draw end
Debug: Start of frame 1851
Debug: Window::Draw start
Debug: Window::Draw end
Debug: Start of frame 1852
Debug: Window::Draw start
Debug: Window::Draw end
Debug: Start of frame 1853
Debug: Window::Draw start
Debug: Window::Draw end
Debug: Start of frame 1854
Debug: Window::Draw start
Debug: Window::Draw end
Debug: Start of frame 1855
Debug: Window::Draw start
Debug: Window::Draw end
Debug: Start of frame 1856
Debug: Window::Draw start
Debug: Window::Draw end
Debug: Start of frame 1857
Debug: Window::Draw start
Debug: Window::Draw end
Debug: Start of frame 1858
Debug: Window::Draw start
Debug: Window::Draw end
Debug: Start of frame 1859
Debug: Window::Draw start
Debug: Window::Draw end
Debug: Start of frame 1860
Debug: Window::Draw start
Debug: Window::Draw end
Debug: Start of frame 1861
Debug: Window::Draw start
Debug: Window::Draw end
Debug: Start of frame 1862
Debug: Window::Draw start
Debug: Window::Draw end
Debug: Start of frame 1863
Debug: Window::Draw start
Debug: Window::Draw end
Debug: Start of frame 1864
Debug: Window::Draw start
Debug: Window::Draw end
Debug: Start of frame 1865
Debug: Window::Draw start
Debug: Window::Draw end
Debug: Start of frame 1866
Debug: Window::Draw start
Debug: Window::Draw end
Debug: Start of frame 1867
Debug: Window::Draw start
Debug: Window::Draw end
Debug: Start of frame 1868
Debug: Window::Draw start
Debug: Window::Draw end
Debug: Start of frame 1869
Debug: Window::Draw start
Debug: Window::Draw end
Debug: Start of frame 1870
Debug: Window::Draw start
Debug: Window::Draw end
Debug: Start of frame 1871
Debug: Window::Draw start
Debug: Window::Draw end
Debug: Start of frame 1872
Debug: Window::Draw start
Debug: Window::Draw end
Debug: Start of frame 1873
Debug: Window::Draw start
Debug: Window::Draw end
Debug: Start of frame 1874
Debug: Window::Draw start
Debug: Window::Draw end
Debug: Start of frame 1875
Debug: Window::Draw start
Debug: Window::Draw end
Debug: Start of frame 1876
Debug: Window::Draw start
Debug: Window::Draw end
Debug: Start of frame 1877
Debug: Window::Draw start
Debug: Window::Draw end
Debug: Start of frame 1878
Debug: Window::Draw start
Debug: Window::Draw end
Debug: Start of frame 1879
Debug: Window::Draw start
Debug: Window::Draw end
Debug: Start of frame 1880
Debug: Window::Draw start
Debug: Window::Draw end
Debug: Start of frame 1881
Debug: Window::Draw start
Debug: Window::Draw end
Debug: Start of frame 1882
Debug: Window::Draw start
Debug: Window::Draw end
Debug: Start of frame 1883
Debug: Window::Draw start
Debug: Window::Draw end
Debug: Start of frame 1884
Debug: Window::Draw start
Debug: Window::Draw end
Debug: Start of frame 1885
Debug: Window::Draw start
Debug: Window::Draw end
Debug: Start of frame 1886
Debug: Window::Draw start
Debug: Window::Draw end
Debug: Start of frame 1887
Debug: Window::Draw start
Debug: Window::Draw end
Debug: Start of frame 1888
Debug: Window::Draw start
Debug: Window::Draw end
Debug: Start of frame 1889
Debug: Window::Draw start
Debug: Window::Draw end
Debug: Start of frame 1890
Debug: Window::Draw start
Debug: Window::Draw end
Debug: Start of frame 1891
Debug: Window::Draw start
Debug: Window::Draw end
Debug: Start of frame 1892
Debug: Window::Draw start
Debug: Window::Draw end
Debug: Start of frame 1893
Debug: Window::Draw start
Debug: Window::Draw end
Debug: Start of frame 1894
Debug: Window::Draw start
Debug: Window::Draw end
Debug: Start of frame 1895
Debug: Window::Draw start
Debug: Window::Draw end
Debug: Start of frame 1896
Debug: Window::Draw start
Debug: Window::Draw end
Debug: Start of frame 1897
Debug: Window::Draw start
Debug: Window::Draw end
Debug: Start of frame 1898
Debug: Window::Draw start
Debug: Window::Draw end
Debug: Start of frame 1899
Debug: Window::Draw start
Debug: Window::Draw end
Debug: Start of frame 1900
Debug: Window::Draw start
Debug: Window::Draw end
Debug: Start of frame 1901
Debug: Window::Draw start
Debug: Window::Draw end
Debug: Start of frame 1902
Debug: Window::Draw start
Debug: Window::Draw end
Debug: Start of frame 1903
Debug: Window::Draw start
Debug: Window::Draw end
Debug: Start of frame 1904
Debug: Window::Draw start
Debug: Window::Draw end
Debug: Start of frame 1905
Debug: Window::Draw start
Debug: Window::Draw end
Debug: Start of frame 1906
Debug: Window::Draw start
Debug: Window::Draw end
Debug: Start of frame 1907
Debug: Window::Draw start
Debug: Window::Draw end
Debug: Start of frame 1908
Debug: Window::Draw start
Debug: Window::Draw end
Debug: Start of frame 1909
Debug: Window::Draw start
Debug: Window::Draw end
Debug: Start of frame 1910
Debug: Window::Draw start
Debug: Window::Draw end
Debug: Start of frame 1911
Debug: Window::Draw start
Debug: Window::Draw end
Debug: Start of frame 1912
Debug: Window::Draw start
Debug: Window::Draw end
Debug: Start of frame 1913
Debug: Window::Draw start
Debug: Window::Draw end
Debug: Start of frame 1914
Debug: Window::Draw start
Debug: Window::Draw end
Debug: Start of frame 1915
Debug: Window::Draw start
Debug: Window::Draw end
Debug: Start of frame 1916
Debug: Window::Draw start
Debug: Window::Draw end
Debug: Start of frame 1917
Debug: Window::Draw start
Debug: Window::Draw end
Debug: Start of frame 1918
Debug: Window::Draw start
Debug: Window::Draw end
Debug: Start of frame 1919
Debug: Window::Draw start
Debug: Window::Draw end
Debug: Start of frame 1920
Debug: Window::Draw start
Debug: Window::Draw end
Debug: Start of frame 1921
Debug: Window::Draw start
Debug: Window::Draw end
Debug: Start of frame 1922
Debug: Window::Draw start
Debug: Window::Draw end
Debug: Start of frame 1923
Debug: Window::Draw start
Debug: Window::Draw end
Debug: Start of frame 1924
Debug: Window::Draw start
Debug: Window::Draw end
Debug: Start of frame 1925
Debug: Window::Draw start
Debug: Window::Draw end
Debug: Start of frame 1926
Debug: Window::Draw start
Debug: Window::Draw end
Debug: Start of frame 1927
Debug: Window::Draw start
Debug: Window::Draw end
Debug: Start of frame 1928
Debug: Window::Draw start
Debug: Window::Draw end
Debug: Start of frame 1929
Debug: Window::Draw start
Debug: Window::Draw end
Debug: Start of frame 1930
Debug: Window::Draw start
Debug: Window::Draw end
Debug: Start of frame 1931
Debug: Window::Draw start
Debug: Window::Draw end
Debug: Start of frame 1932
Debug: Window::Draw start
Debug: Window::Draw end
Debug: Start of frame 1933
Debug: Window::Draw start
Debug: Window::Draw end
Debug: Start of frame 1934
Debug: Window::Draw start
Debug: Window::Draw end
Debug: Start of frame 1935
Debug: Window::Draw start
Debug: Window::Draw end
Debug: Start of frame 1936
Debug: Window::Draw start
Debug: Window::Draw end
Debug: Start of frame 1937
Debug: Window::Draw start
Debug: Window::Draw end
Debug: Start of frame 1938
Debug: Window::Draw start
Debug: Window::Draw end
Debug: Start of frame 1939
Debug: Window::Draw start
Debug: Window::Draw end
Debug: Start of frame 1940
Debug: Window::Draw start
Debug: Window::Draw end
Debug: Start of frame 1941
Debug: Window::Draw start
Debug: Window::Draw end
Debug: Start of frame 1942
Debug: Window::Draw start
Debug: Window::Draw end
Debug: Start of frame 1943
Debug: Window::Draw start
Debug: Window::Draw end
Debug: Start of frame 1944
Debug: Window::Draw start
Debug: Window::Draw end
Debug: Start of frame 1945
Debug: Window::Draw start
Debug: Window::Draw end
Debug: Start of frame 1946
Debug: Window::Draw start
Debug: Window::Draw end
Debug: Start of frame 1947
Debug: Window::Draw start
Debug: Window::Draw end
Debug: Start of frame 1948
Debug: Window::Draw start
Debug: Window::Draw end
Debug: Start of frame 1949
Debug: Window::Draw start
Debug: Window::Draw end
Debug: Start of frame 1950
Debug: Window::Draw start
Debug: Window::Draw end
Debug: Start of frame 1951
Debug: Window::Draw start
Debug: Window::Draw end
Debug: Start of frame 1952
Debug: Window::Draw start
Debug: Window::Draw end
Debug: Start of frame 1953
Debug: Window::Draw start
Debug: Window::Draw end
Debug: Start of frame 1954
Debug: Window::Draw start
Debug: Window::Draw end
Debug: Start of frame 1955
Debug: Window::Draw start
Debug: Window::Draw end
Debug: Start of frame 1956
Debug: Window::Draw start
Debug: Window::Draw end
Debug: Start of frame 1957
Debug: Window::Draw start
Debug: Window::Draw end
Debug: Start of frame 1958
Debug: Window::Draw start
Debug: Window::Draw end
Debug: Start of frame 1959
Debug: Window::Draw start
Debug: Window::Draw end
Debug: Start of frame 1960
Debug: Window::Draw start
Debug: Window::Draw end
Debug: Start of frame 1961
Debug: Window::Draw start
Debug: Window::Draw end
Debug: Start of frame 1962
Debug: Window::Draw start
Debug: Window::Draw end
Debug: Start of frame 1963
Debug: Window::Draw start
Debug: Window::Draw end
Debug: Start of frame 1964
Debug: Window::Draw start
Debug: Window::Draw end
Debug: Start of frame 1965
Debug: Window::Draw start
Debug: Window::Draw end
Debug: Start of frame 1966
Debug: Window::Draw start
Debug: Window::Draw end
Debug: Start of frame 1967
Debug: Window::Draw start
Debug: Window::Draw end
Debug: Start of frame 1968
Debug: Window::Draw start
Debug: Window::Draw end
Debug: Start of frame 1969
Debug: Window::Draw start
Debug: Window::Draw end
Debug: Start of frame 1970
Debug: Window::Draw start
Debug: Window::Draw end
Debug: Start of frame 1971
Debug: Window::Draw start
Debug: Window::Draw end
Debug: Start of frame 1972
Debug: Window::Draw start
Debug: Window::Draw end
Debug: Start of frame 1973
Debug: Window::Draw start
Debug: Window::Draw end
Debug: Start of frame 1974
Debug: Window::Draw start
Debug: Window::Draw end
Debug: Start of frame 1975
Debug: Window::Draw start
Debug: Window::Draw end
Debug: Start of frame 1976
Debug: Window::Draw start
Debug: Window::Draw end
Debug: Start of frame 1977
Debug: Window::Draw start
Debug: Window::Draw end
Debug: Start of frame 1978
Debug: Window::Draw start
Debug: Window::Draw end
Debug: Start of frame 1979
Debug: Window::Draw start
Debug: Window::Draw end
Debug: Start of frame 1980
Debug: Window::Draw start
Debug: Window::Draw end
Debug: Start of frame 1981
Debug: Window::Draw start
Debug: Window::Draw end
Debug: Start of frame 1982
Debug: Window::Draw start
Debug: Window::Draw end
Debug: Start of frame 1983
Debug: Window::Draw start
Debug: Window::Draw end
Debug: Start of frame 1984
Debug: Window::Draw start
Debug: Window::Draw end
Debug: Start of frame 1985
Debug: Window::Draw start
Debug: Window::Draw end
Debug: Start of frame 1986
Debug: Window::Draw start
Debug: Window::Draw end
Debug: Start of frame 1987
Debug: Window::Draw start
Debug: Window::Draw end
Debug: Start of frame 1988
Debug: Window::Draw start
Debug: Window::Draw end
Debug: Start of frame 1989
Debug: Window::Draw start
Debug: Window::Draw end
Debug: Start of frame 1990
Debug: Window::Draw start
Debug: Window::Draw end
Debug: Start of frame 1991
Debug: Window::Draw start
Debug: Window::Draw end
Debug: Start of frame 1992
Debug: Window::Draw start
Debug: Window::Draw end
Debug: Start of frame 1993
Debug: Window::Draw start
Debug: Window::Draw end
Debug: Start of frame 1994
Debug: Window::Draw start
Debug: Window::Draw end
Debug: Start of frame 1995
Debug: Window::Draw start
Debug: Window::Draw end
Debug: Start of frame 1996
Debug: Window::Draw start
Debug: Window::Draw end
Debug: Start of frame 1997
Debug: Window::Draw start
Debug: Window::Draw end
Debug: Start of frame 1998
Debug: Window::Draw start
Debug: Window::Draw end
Debug: Start of frame 1999
Debug: Window::Draw start
Debug: Window::Draw end
Debug: Start of frame 2000
Debug: Window::Draw start
Debug: Window::Draw end
Debug: Start of frame 2001
Debug: Window::Draw start
Debug: Window::Draw end
Debug: Start of frame 2002
Debug: Window::Draw start
Debug: Window::Draw end
Debug: Start of frame 2003
Debug: Window::Draw start
Debug: Window::Draw end
Debug: Start of frame 2004
Debug: Window::Draw start
Debug: Window::Draw end
Debug: Start of frame 2005
Debug: Window::Draw start
Debug: Window::Draw end
Debug: Start of frame 2006
Debug: Window::Draw start
Debug: Window::Draw end
Debug: Start of frame 2007
Debug: Window::Draw start
Debug: Window::Draw end
Debug: Start of frame 2008
Debug: Window::Draw start
Debug: Window::Draw end
Debug: Start of frame 2009
Debug: Window::Draw start
Debug: Window::Draw end
Debug: Start of frame 2010
Debug: Window::Draw start
Debug: Window::Draw end
Debug: Start of frame 2011
Debug: Window::Draw start
Debug: Window::Draw end
Debug: Start of frame 2012
Debug: Window::Draw start
Debug: Window::Draw end
Debug: Start of frame 2013
Debug: Window::Draw start
Debug: Window::Draw end
Debug: Start of frame 2014
Debug: Window::Draw start
Debug: Window::Draw end
Debug: Start of frame 2015
Debug: Window::Draw start
Debug: Window::Draw end
Debug: Start of frame 2016
Debug: Window::Draw start
Debug: Window::Draw end
Debug: Start of frame 2017
Debug: Window::Draw start
Debug: Window::Draw end
Debug: Start of frame 2018
Debug: Window::Draw start
Debug: Window::Draw end
Debug: Start of frame 2019
Debug: Window::Draw start
Debug: Window::Draw end
Debug: Start of frame 2020
Debug: Window::Draw start
Debug: Window::Draw end
Debug: Start of frame 2021
Debug: Window::Draw start
Debug: Window::Draw end
Debug: Start of frame 2022
Debug: Window::Draw start
Debug: Window::Draw end
Debug: Start of frame 2023
Debug: Window::Draw start
Debug: Window::Draw end
Debug: Start of frame 2024
Debug: Window::Draw start
Debug: Window::Draw end
Debug: Start of frame 2025
Debug: Window::Draw start
Debug: Window::Draw end
Debug: Start of frame 2026
Debug: Window::Draw start
Debug: Window::Draw end
Debug: Start of frame 2027
Debug: Game State Manager: Set game state: Placing
Debug: Window::Draw start
Debug: Window::Draw end
Debug: Start of frame 2028
Debug: Window::Draw start
Debug: Window::Draw end
Debug: Start of frame 2029
Debug: Window::Draw start
Debug: Window::Draw end
Debug: Start of frame 2030
Debug: Window::Draw start
Debug: Window::Draw end
Debug: Start of frame 2031
Debug: Window::Draw start
Debug: Window::Draw end
Debug: Start of frame 2032
Debug: Window::Draw start
Debug: Window::Draw end
Debug: Start of frame 2033
Debug: Window::Draw start
Debug: Window::Draw end
Debug: Start of frame 2034
Debug: Window::Draw start
Debug: Window::Draw end
Debug: Start of frame 2035
Debug: Window::Draw start
Debug: Window::Draw end
Debug: Start of frame 2036
Debug: Window::Draw start
Debug: Window::Draw end
Debug: Start of frame 2037
Debug: Window::Draw start
Debug: Window::Draw end
Debug: Start of frame 2038
Debug: Window::Draw start
Debug: Window::Draw end
Debug: Start of frame 2039
Debug: Window::Draw start
Debug: Window::Draw end
Debug: Start of frame 2040
Debug: Window::Draw start
Debug: Window::Draw end
Debug: Start of frame 2041
Debug: Window::Draw start
Debug: Window::Draw end
Debug: Start of frame 2042
Debug: Window::Draw start
Debug: Window::Draw end
Debug: Start of frame 2043
Debug: Window::Draw start
Debug: Window::Draw end
Debug: Start of frame 2044
Debug: Window::Draw start
Debug: Window::Draw end
Debug: Start of frame 2045
Debug: Window::Draw start
Debug: Window::Draw end
Debug: Start of frame 2046
Debug: Window::Draw start
Debug: Window::Draw end
Debug: Start of frame 2047
Debug: Window::Draw start
Debug: Window::Draw end
Debug: Start of frame 2048
Debug: Window::Draw start
Debug: Window::Draw end
Debug: Start of frame 2049
Debug: Window::Draw start
Debug: Window::Draw end
Debug: Start of frame 2050
Debug: Window::Draw start
Debug: Window::Draw end
Debug: Start of frame 2051
Debug: Window::Draw start
Debug: Window::Draw end
Debug: Start of frame 2052
Debug: Window::Draw start
Debug: Window::Draw end
Debug: Start of frame 2053
Debug: Window::Draw start
Debug: Window::Draw end
Debug: Start of frame 2054
Debug: Window::Draw start
Debug: Window::Draw end
Debug: Start of frame 2055
Debug: Window::Draw start
Debug: Window::Draw end
Debug: Start of frame 2056
Debug: Window::Draw start
Debug: Window::Draw end
Debug: Start of frame 2057
Debug: Window::Draw start
Debug: Window::Draw end
Debug: Start of frame 2058
Debug: Window::Draw start
Debug: Window::Draw end
Debug: Start of frame 2059
Debug: Window::Draw start
Debug: Window::Draw end
Debug: Start of frame 2060
Debug: Window::Draw start
Debug: Window::Draw end
Debug: Start of frame 2061
Debug: Window::Draw start
Debug: Window::Draw end
Debug: Start of frame 2062
Debug: Window::Draw start
Debug: Window::Draw end
Debug: Start of frame 2063
Debug: Window::Draw start
Debug: Window::Draw end
Debug: Start of frame 2064
Debug: Window::Draw start
Debug: Window::Draw end
Debug: Start of frame 2065
Debug: Window::Draw start
Debug: Window::Draw end
Debug: Start of frame 2066
Debug: Window::Draw start
Debug: Window::Draw end
Debug: Start of frame 2067
Debug: Window::Draw start
Debug: Window::Draw end
Debug: Start of frame 2068
Debug: Window::Draw start
Debug: Window::Draw end
Debug: Start of frame 2069
Debug: Window::Draw start
Debug: Window::Draw end
Debug: Start of frame 2070
Debug: Window::Draw start
Debug: Window::Draw end
Debug: Start of frame 2071
Debug: Window::Draw start
Debug: Window::Draw end
Debug: Start of frame 2072
Debug: Window::Draw start
Debug: Window::Draw end
Debug: Start of frame 2073
Debug: Window::Draw start
Debug: Window::Draw end
Debug: Start of frame 2074
Debug: Window::Draw start
Debug: Window::Draw end
Debug: Start of frame 2075
Debug: Window::Draw start
Debug: Window::Draw end
Debug: Start of frame 2076
Debug: Window::Draw start
Debug: Window::Draw end
Debug: Start of frame 2077
Debug: Window::Draw start
Debug: Window::Draw end
Debug: Start of frame 2078
Debug: Window::Draw start
Debug: Window::Draw end
Debug: Start of frame 2079
Debug: Window::Draw start
Debug: Window::Draw end
Debug: Start of frame 2080
Debug: Window::Draw start
Debug: Window::Draw end
Debug: Start of frame 2081
Debug: Window::Draw start
Debug: Window::Draw end
Debug: Start of frame 2082
Debug: Window::Draw start
Debug: Window::Draw end
Debug: Start of frame 2083
Debug: Window::Draw start
Debug: Window::Draw end
Debug: Start of frame 2084
Debug: Window::Draw start
Debug: Window::Draw end
Debug: Start of frame 2085
Debug: Window::Draw start
Debug: Window::Draw end
Debug: Start of frame 2086
Debug: Window::Draw start
Debug: Window::Draw end
Debug: Start of frame 2087
Debug: Window::Draw start
Debug: Window::Draw end
Debug: Start of frame 2088
Debug: Window::Draw start
Debug: Window::Draw end
Debug: Start of frame 2089
Debug: Window::Draw start
Debug: Window::Draw end
Debug: Start of frame 2090
Debug: Window::Draw start
Debug: Window::Draw end
Debug: Start of frame 2091
Debug: Set game state: Walking
Debug: Window::Draw start
Debug: Window::Draw end
Debug: Start of frame 2092
Debug: Window::Draw start
Debug: Window::Draw end
Debug: Start of frame 2093
Debug: Window::Draw start
Debug: Window::Draw end
Debug: Start of frame 2094
Debug: Window::Draw start
Debug: Window::Draw end
Debug: Start of frame 2095
Debug: Window::Draw start
Debug: Window::Draw end
Debug: Start of frame 2096
Debug: Window::Draw start
Debug: Window::Draw end
Debug: Start of frame 2097
Debug: Window::Draw start
Debug: Window::Draw end
Debug: Start of frame 2098
Debug: Window::Draw start
Debug: Window::Draw end
Debug: Start of frame 2099
Debug: Window::Draw start
Debug: Window::Draw end
Debug: Start of frame 2100
Debug: Window::Draw start
Debug: Window::Draw end
Debug: Start of frame 2101
Debug: Window::Draw start
Debug: Window::Draw end
Debug: Start of frame 2102
Debug: Window::Draw start
Debug: Window::Draw end
Debug: Start of frame 2103
Debug: Window::Draw start
Debug: Window::Draw end
Debug: Start of frame 2104
Debug: Window::Draw start
Debug: Window::Draw end
Debug: Start of frame 2105
Debug: Window::Draw start
Debug: Window::Draw end
Debug: Start of frame 2106
Debug: Window::Draw start
Debug: Window::Draw end
Debug: Start of frame 2107
Debug: Window::Draw start
Debug: Window::Draw end
Debug: Start of frame 2108
Debug: Window::Draw start
Debug: Window::Draw end
Debug: Start of frame 2109
Debug: Window::Draw start
Debug: Window::Draw end
Debug: Start of frame 2110
Debug: Window::Draw start
Debug: Window::Draw end
Debug: Start of frame 2111
Debug: Window::Draw start
Debug: Window::Draw end
Debug: Start of frame 2112
Debug: Window::Draw start
Debug: Window::Draw end
Debug: Start of frame 2113
Debug: Window::Draw start
Debug: Window::Draw end
Debug: Start of frame 2114
Debug: Window::Draw start
Debug: Window::Draw end
Debug: Start of frame 2115
Debug: Window::Draw start
Debug: Window::Draw end
Debug: Start of frame 2116
Debug: Window::Draw start
Debug: Window::Draw end
Debug: Start of frame 2117
Debug: Window::Draw start
Debug: Window::Draw end
Debug: Start of frame 2118
Debug: Window::Draw start
Debug: Window::Draw end
Debug: Start of frame 2119
Debug: Window::Draw start
Debug: Window::Draw end
Debug: Start of frame 2120
Debug: Window::Draw start
Debug: Window::Draw end
Debug: Start of frame 2121
Debug: Window::Draw start
Debug: Window::Draw end
Debug: Start of frame 2122
Debug: Window::Draw start
Debug: Window::Draw end
Debug: Start of frame 2123
Debug: Window::Draw start
Debug: Window::Draw end
Debug: Start of frame 2124
Debug: Window::Draw start
Debug: Window::Draw end
Debug: Start of frame 2125
Debug: Window::Draw start
Debug: Window::Draw end
Debug: Start of frame 2126
Debug: Window::Draw start
Debug: Window::Draw end
Debug: Start of frame 2127
Debug: Window::Draw start
Debug: Window::Draw end
Debug: Start of frame 2128
Debug: Window::Draw start
Debug: Window::Draw end
Debug: Start of frame 2129
Debug: Window::Draw start
Debug: Window::Draw end
Debug: Start of frame 2130
Debug: Window::Draw start
Debug: Window::Draw end
Debug: Start of frame 2131
Debug: Window::Draw start
Debug: Window::Draw end
Debug: Start of frame 2132
Debug: Window::Draw start
Debug: Window::Draw end
Debug: Start of frame 2133
Debug: Window::Draw start
Debug: Window::Draw end
Debug: Start of frame 2134
Debug: Window::Draw start
Debug: Window::Draw end
Debug: Start of frame 2135
Debug: Window::Draw start
Debug: Window::Draw end
Debug: Start of frame 2136
Debug: Window::Draw start
Debug: Window::Draw end
Debug: Start of frame 2137
Debug: Window::Draw start
Debug: Window::Draw end
Debug: Start of frame 2138
Debug: Window::Draw start
Debug: Window::Draw end
Debug: Start of frame 2139
Debug: Window::Draw start
Debug: Window::Draw end
Debug: Start of frame 2140
Debug: Window::Draw start
Debug: Window::Draw end
Debug: Start of frame 2141
Debug: Window::Draw start
Debug: Window::Draw end
Debug: Start of frame 2142
Debug: Window::Draw start
Debug: Window::Draw end
Debug: Start of frame 2143
Debug: Window::Draw start
Debug: Window::Draw end
Debug: Start of frame 2144
Debug: Window::Draw start
Debug: Window::Draw end
Debug: Start of frame 2145
Debug: Window::Draw start
Debug: Window::Draw end
Debug: Start of frame 2146
Debug: Window::Draw start
Debug: Window::Draw end
Debug: Start of frame 2147
Debug: Window::Draw start
Debug: Window::Draw end
Debug: Start of frame 2148
Debug: Window::Draw start
Debug: Window::Draw end
Debug: Start of frame 2149
Debug: Window::Draw start
Debug: Window::Draw end
Debug: Start of frame 2150
Debug: Window::Draw start
Debug: Window::Draw end
Debug: Start of frame 2151
Debug: Window::Draw start
Debug: Window::Draw end
Debug: Start of frame 2152
Debug: Window::Draw start
Debug: Window::Draw end
Debug: Start of frame 2153
Debug: Window::Draw start
Debug: Window::Draw end
Debug: Start of frame 2154
Debug: Window::Draw start
Debug: Window::Draw end
Debug: Start of frame 2155
Debug: Window::Draw start
Debug: Window::Draw end
Debug: Start of frame 2156
Debug: Window::Draw start
Debug: Window::Draw end
Debug: Start of frame 2157
Debug: Window::Draw start
Debug: Window::Draw end
Debug: Start of frame 2158
Debug: Window::Draw start
Debug: Window::Draw end
Debug: Start of frame 2159
Debug: Window::Draw start
Debug: Window::Draw end
Debug: Start of frame 2160
Debug: Window::Draw start
Debug: Window::Draw end
Debug: Start of frame 2161
Debug: Window::Draw start
Debug: Window::Draw end
Debug: Start of frame 2162
Debug: Window::Draw start
Debug: Window::Draw end
Debug: Start of frame 2163
Debug: Window::Draw start
Debug: Window::Draw end
Debug: Start of frame 2164
Debug: Window::Draw start
Debug: Window::Draw end
Debug: Start of frame 2165
Debug: Window::Draw start
Debug: Window::Draw end
Debug: Start of frame 2166
Debug: Window::Draw start
Debug: Window::Draw end
Debug: Start of frame 2167
Debug: Window::Draw start
Debug: Window::Draw end
Debug: Start of frame 2168
Debug: Window::Draw start
Debug: Window::Draw end
Debug: Start of frame 2169
Debug: Window::Draw start
Debug: Window::Draw end
Debug: Start of frame 2170
Debug: Window::Draw start
Debug: Window::Draw end
Debug: Start of frame 2171
Debug: Window::Draw start
Debug: Window::Draw end
Debug: Start of frame 2172
Debug: Window::Draw start
Debug: Window::Draw end
Debug: Start of frame 2173
Debug: Window::Draw start
Debug: Window::Draw end
Debug: Start of frame 2174
Debug: Window::Draw start
Debug: Window::Draw end
Debug: Start of frame 2175
Debug: Window::Draw start
Debug: Window::Draw end
Debug: Start of frame 2176
Debug: Window::Draw start
Debug: Window::Draw end
Debug: Start of frame 2177
Debug: Window::Draw start
Debug: Window::Draw end
Debug: Start of frame 2178
Debug: Window::Draw start
Debug: Window::Draw end
Debug: Start of frame 2179
Debug: Window::Draw start
Debug: Window::Draw end
Debug: Start of frame 2180
Debug: Window::Draw start
Debug: Window::Draw end
Debug: Start of frame 2181
Debug: Window::Draw start
Debug: Window::Draw end
Debug: Start of frame 2182
Debug: Window::Draw start
Debug: Window::Draw end
Debug: Start of frame 2183
Debug: Window::Draw start
Debug: Window::Draw end
Debug: Start of frame 2184
Debug: Window::Draw start
Debug: Window::Draw end
Debug: Start of frame 2185
Debug: Window::Draw start
Debug: Window::Draw end
Debug: Start of frame 2186
Debug: Window::Draw start
Debug: Window::Draw end
Debug: Start of frame 2187
Debug: Window::Draw start
Debug: Window::Draw end
Debug: Start of frame 2188
Debug: Window::Draw start
Debug: Window::Draw end
Debug: Start of frame 2189
Debug: Window::Draw start
Debug: Window::Draw end
Debug: Start of frame 2190
Debug: Window::Draw start
Debug: Window::Draw end
Debug: Start of frame 2191
Debug: Window::Draw start
Debug: Window::Draw end
Debug: Start of frame 2192
Debug: Window::Draw start
Debug: Window::Draw end
Debug: Start of frame 2193
Debug: Window::Draw start
Debug: Window::Draw end
Debug: Start of frame 2194
Debug: Window::Draw start
Debug: Window::Draw end
Debug: Start of frame 2195
Debug: Window::Draw start
Debug: Window::Draw end
Debug: Start of frame 2196
Debug: Window::Draw start
Debug: Window::Draw end
Debug: Start of frame 2197
Debug: Window::Draw start
Debug: Window::Draw end
Debug: Start of frame 2198
Debug: Window::Draw start
Debug: Window::Draw end
Debug: Start of frame 2199
Debug: Window::Draw start
Debug: Window::Draw end
Debug: Start of frame 2200
Debug: Window::Draw start
Debug: Window::Draw end
Debug: Start of frame 2201
Debug: Window::Draw start
Debug: Window::Draw end
Debug: Start of frame 2202
Debug: Window::Draw start
Debug: Window::Draw end
Debug: Start of frame 2203
Debug: Window::Draw start
Debug: Window::Draw end
Debug: Start of frame 2204
Debug: Window::Draw start
Debug: Window::Draw end
Debug: Start of frame 2205
Debug: Window::Draw start
Debug: Window::Draw end
Debug: Start of frame 2206
Debug: Window::Draw start
Debug: Window::Draw end
Debug: Start of frame 2207
Debug: Window::Draw start
Debug: Window::Draw end
Debug: Start of frame 2208
Debug: Window::Draw start
Debug: Window::Draw end
Debug: Start of frame 2209
Debug: Window::Draw start
Debug: Window::Draw end
Debug: Start of frame 2210
Debug: Window::Draw start
Debug: Window::Draw end
Debug: Start of frame 2211
Debug: Window::Draw start
Debug: Window::Draw end
Debug: Start of frame 2212
Debug: Window::Draw start
Debug: Window::Draw end
Debug: Start of frame 2213
Debug: Window::Draw start
Debug: Window::Draw end
Debug: Start of frame 2214
Debug: Window::Draw start
Debug: Window::Draw end
Debug: Start of frame 2215
Debug: Window::Draw start
Debug: Window::Draw end
Debug: Start of frame 2216
Debug: Window::Draw start
Debug: Window::Draw end
Debug: Start of frame 2217
Debug: Window::Draw start
Debug: Window::Draw end
Debug: Start of frame 2218
Debug: Window::Draw start
Debug: Window::Draw end
Debug: Start of frame 2219
Debug: Window::Draw start
Debug: Window::Draw end
Debug: Start of frame 2220
Debug: Window::Draw start
Debug: Window::Draw end
Debug: Start of frame 2221
Debug: Window::Draw start
Debug: Window::Draw end
Debug: Start of frame 2222
Debug: Window::Draw start
Debug: Window::Draw end
Debug: Start of frame 2223
Debug: Window::Draw start
Debug: Window::Draw end
Debug: Start of frame 2224
Debug: Window::Draw start
Debug: Window::Draw end
Debug: Start of frame 2225
Debug: Window::Draw start
Debug: Window::Draw end
Debug: Start of frame 2226
Debug: Window::Draw start
Debug: Window::Draw end
Debug: Start of frame 2227
Debug: Window::Draw start
Debug: Window::Draw end
Debug: Start of frame 2228
Debug: Window::Draw start
Debug: Window::Draw end
Debug: Start of frame 2229
Debug: Window::Draw start
Debug: Window::Draw end
Debug: Start of frame 2230
Debug: Window::Draw start
Debug: Window::Draw end
Debug: Start of frame 2231
Debug: Window::Draw start
Debug: Window::Draw end
Debug: Start of frame 2232
Debug: Window::Draw start
Debug: Window::Draw end
Debug: Start of frame 2233
Debug: Window::Draw start
Debug: Window::Draw end
Debug: Start of frame 2234
Debug: Window::Draw start
Debug: Window::Draw end
Debug: Start of frame 2235
Debug: Window::Draw start
Debug: Window::Draw end
Debug: Start of frame 2236
Debug: Window::Draw start
Debug: Window::Draw end
Debug: Start of frame 2237
Debug: Window::Draw start
Debug: Window::Draw end
Debug: Start of frame 2238
Debug: Window::Draw start
Debug: Window::Draw end
Debug: Start of frame 2239
Debug: Window::Draw start
Debug: Window::Draw end
Debug: Start of frame 2240
Debug: Window::Draw start
Debug: Window::Draw end
Debug: Start of frame 2241
Debug: Window::Draw start
Debug: Window::Draw end
Debug: Start of frame 2242
Debug: Window::Draw start
Debug: Window::Draw end
Debug: Start of frame 2243
Debug: Window::Draw start
Debug: Window::Draw end
Debug: Start of frame 2244
Debug: Window::Draw start
Debug: Window::Draw end
Debug: Start of frame 2245
Debug: Window::Draw start
Debug: Window::Draw end
Debug: Start of frame 2246
Debug: Window::Draw start
Debug: Window::Draw end
Debug: Start of frame 2247
Debug: Window::Draw start
Debug: Window::Draw end
Debug: Start of frame 2248
Debug: Window::Draw start
Debug: Window::Draw end
Debug: Start of frame 2249
Debug: Window::Draw start
Debug: Window::Draw end
Debug: Start of frame 2250
Debug: Window::Draw start
Debug: Window::Draw end
Debug: Start of frame 2251
Debug: Window::Draw start
Debug: Window::Draw end
Debug: Start of frame 2252
Debug: Window::Draw start
Debug: Window::Draw end
Debug: Start of frame 2253
Debug: Window::Draw start
Debug: Window::Draw end
Debug: Start of frame 2254
Debug: Window::Draw start
Debug: Window::Draw end
Debug: Start of frame 2255
Debug: Window::Draw start
Debug: Window::Draw end
Debug: Start of frame 2256
Debug: Window::Draw start
Debug: Window::Draw end
Debug: Start of frame 2257
Debug: Window::Draw start
Debug: Window::Draw end
Debug: Start of frame 2258
Debug: Window::Draw start
Debug: Window::Draw end
Debug: Start of frame 2259
Debug: Window::Draw start
Debug: Window::Draw end
Debug: Start of frame 2260
Debug: Window::Draw start
Debug: Window::Draw end
Debug: Start of frame 2261
Debug: Window::Draw start
Debug: Window::Draw end
Debug: Start of frame 2262
Debug: Window::Draw start
Debug: Window::Draw end
Debug: Start of frame 2263
Debug: Window::Draw start
Debug: Window::Draw end
Debug: Start of frame 2264
Debug: Window::Draw start
Debug: Window::Draw end
Debug: Start of frame 2265
Debug: Window::Draw start
Debug: Window::Draw end
Debug: Start of frame 2266
Debug: Window::Draw start
Debug: Window::Draw end
Debug: Start of frame 2267
Debug: Window::Draw start
Debug: Window::Draw end
Debug: Start of frame 2268
Debug: Window::Draw start
Debug: Window::Draw end
Debug: Start of frame 2269
Debug: Window::Draw start
Debug: Window::Draw end
Debug: Start of frame 2270
Debug: Window::Draw start
Debug: Window::Draw end
Debug: Start of frame 2271
Debug: Window::Draw start
Debug: Window::Draw end
Debug: Start of frame 2272
Debug: Window::Draw start
Debug: Window::Draw end
Debug: Start of frame 2273
Debug: Window::Draw start
Debug: Window::Draw end
Debug: Start of frame 2274
Debug: Window::Draw start
Debug: Window::Draw end
Debug: Start of frame 2275
Debug: Window::Draw start
Debug: Window::Draw end
Debug: Start of frame 2276
Debug: Window::Draw start
Debug: Window::Draw end
Debug: Start of frame 2277
Debug: Window::Draw start
Debug: Window::Draw end
Debug: Start of frame 2278
Debug: Window::Draw start
Debug: Window::Draw end
Debug: Start of frame 2279
Debug: Window::Draw start
Debug: Window::Draw end
Debug: Start of frame 2280
Debug: Window::Draw start
Debug: Window::Draw end
Debug: Start of frame 2281
Debug: Window::Draw start
Debug: Window::Draw end
Debug: Start of frame 2282
Debug: Window::Draw start
Debug: Window::Draw end
Debug: Start of frame 2283
Debug: Window::Draw start
Debug: Window::Draw end
Debug: Start of frame 2284
Debug: Window::Draw start
Debug: Window::Draw end
Debug: Start of frame 2285
Debug: Window::Draw start
Debug: Window::Draw end
Debug: Start of frame 2286
Debug: Window::Draw start
Debug: Window::Draw end
Debug: Start of frame 2287
Debug: Window::Draw start
Debug: Window::Draw end
Debug: Start of frame 2288
Debug: Window::Draw start
Debug: Window::Draw end
Debug: Start of frame 2289
Debug: Window::Draw start
Debug: Window::Draw end
Debug: Start of frame 2290
Debug: Window::Draw start
Debug: Window::Draw end
Debug: Start of frame 2291
Debug: Window::Draw start
Debug: Window::Draw end
Debug: Start of frame 2292
Debug: Window::Draw start
Debug: Window::Draw end
Debug: Start of frame 2293
Debug: Window::Draw start
Debug: Window::Draw end
Debug: Start of frame 2294
Debug: Window::Draw start
Debug: Window::Draw end
Debug: Start of frame 2295
Debug: Window::Draw start
Debug: Window::Draw end
Debug: Start of frame 2296
Debug: Window::Draw start
Debug: Window::Draw end
Debug: Start of frame 2297
Debug: Window::Draw start
Debug: Window::Draw end
Debug: Start of frame 2298
Debug: Window::Draw start
Debug: Window::Draw end
Debug: Start of frame 2299
Debug: Window::Draw start
Debug: Window::Draw end
Debug: Start of frame 2300
Debug: Window::Draw start
Debug: Window::Draw end
Debug: Start of frame 2301
Debug: Window::Draw start
Debug: Window::Draw end
Debug: Start of frame 2302
Debug: Window::Draw start
Debug: Window::Draw end
Debug: Start of frame 2303
Debug: Window::Draw start
Debug: Window::Draw end
Debug: Start of frame 2304
Debug: Window::Draw start
Debug: Window::Draw end
Debug: Start of frame 2305
Debug: Window::Draw start
Debug: Window::Draw end
Debug: Start of frame 2306
Debug: Window::Draw start
Debug: Window::Draw end
Debug: Start of frame 2307
Debug: Window::Draw start
Debug: Window::Draw end
Debug: Start of frame 2308
Debug: Window::Draw start
Debug: Window::Draw end
Debug: Start of frame 2309
Debug: Window::Draw start
Debug: Window::Draw end
Debug: Start of frame 2310
Debug: Window::Draw start
Debug: Window::Draw end
Debug: Start of frame 2311
Debug: Window::Draw start
Debug: Window::Draw end
Debug: Start of frame 2312
Debug: Window::Draw start
Debug: Window::Draw end
Debug: Start of frame 2313
Debug: Window::Draw start
Debug: Window::Draw end
Debug: Start of frame 2314
Debug: Window::Draw start
Debug: Window::Draw end
Debug: Start of frame 2315
Debug: Window::Draw start
Debug: Window::Draw end
Debug: Start of frame 2316
Debug: Window::Draw start
Debug: Window::Draw end
Debug: Start of frame 2317
Debug: Window::Draw start
Debug: Window::Draw end
Debug: Start of frame 2318
Debug: Window::Draw start
Debug: Window::Draw end
Debug: Start of frame 2319
Debug: Window::Draw start
Debug: Window::Draw end
Debug: Start of frame 2320
Debug: Window::Draw start
Debug: Window::Draw end
Debug: Start of frame 2321
Debug: Window::Draw start
Debug: Window::Draw end
Debug: Start of frame 2322
Debug: Window::Draw start
Debug: Window::Draw end
Debug: Start of frame 2323
Debug: Window::Draw start
Debug: Window::Draw end
Debug: Start of frame 2324
Debug: Window::Draw start
Debug: Window::Draw end
Debug: Start of frame 2325
Debug: Window::Draw start
Debug: Window::Draw end
Debug: Start of frame 2326
Debug: Window::Draw start
Debug: Window::Draw end
Debug: Start of frame 2327
Debug: Window::Draw start
Debug: Window::Draw end
Debug: Start of frame 2328
Debug: Window::Draw start
Debug: Window::Draw end
Debug: Start of frame 2329
Debug: Window::Draw start
Debug: Window::Draw end
Debug: Start of frame 2330
Debug: Window::Draw start
Debug: Window::Draw end
Debug: Start of frame 2331
Debug: Window::Draw start
Debug: Window::Draw end
Debug: Start of frame 2332
Debug: Window::Draw start
Debug: Window::Draw end
Debug: Start of frame 2333
Debug: Window::Draw start
Debug: Window::Draw end
Debug: Start of frame 2334
Debug: Window::Draw start
Debug: Window::Draw end
Debug: Start of frame 2335
Debug: Window::Draw start
Debug: Window::Draw end
Debug: Start of frame 2336
Debug: Window::Draw start
Debug: Window::Draw end
Debug: Start of frame 2337
Debug: Window::Draw start
Debug: Window::Draw end
Debug: Start of frame 2338
Debug: Window::Draw start
Debug: Window::Draw end
Debug: Start of frame 2339
Debug: Window::Draw start
Debug: Window::Draw end
Debug: Start of frame 2340
Debug: Window::Draw start
Debug: Window::Draw end
Debug: Start of frame 2341
Debug: Window::Draw start
Debug: Window::Draw end
Debug: Start of frame 2342
Debug: Window::Draw start
Debug: Window::Draw end
Debug: Start of frame 2343
Debug: Window::Draw start
Debug: Window::Draw end
Debug: Start of frame 2344
Debug: Window::Draw start
Debug: Window::Draw end
Debug: Start of frame 2345
Debug: Window::Draw start
Debug: Window::Draw end
Debug: Start of frame 2346
Debug: Window::Draw start
Debug: Window::Draw end
Debug: Start of frame 2347
Debug: Window::Draw start
Debug: Window::Draw end
Debug: Start of frame 2348
Debug: Window::Draw start
Debug: Window::Draw end
Debug: Start of frame 2349
Debug: Window::Draw start
Debug: Window::Draw end
Debug: Start of frame 2350
Debug: Window::Draw start
Debug: Window::Draw end
Debug: Start of frame 2351
Debug: Window::Draw start
Debug: Window::Draw end
Debug: Start of frame 2352
Debug: Window::Draw start
Debug: Window::Draw end
Debug: Start of frame 2353
Debug: Window::Draw start
Debug: Window::Draw end
Debug: Start of frame 2354
Debug: Window::Draw start
Debug: Window::Draw end
Debug: Start of frame 2355
Debug: Window::Draw start
Debug: Window::Draw end
Debug: Start of frame 2356
Debug: Window::Draw start
Debug: Window::Draw end
Debug: Start of frame 2357
Debug: Window::Draw start
Debug: Window::Draw end
Debug: Start of frame 2358
Debug: Window::Draw start
Debug: Window::Draw end
Debug: Start of frame 2359
Debug: Window::Draw start
Debug: Window::Draw end
Debug: Start of frame 2360
Debug: Window::Draw start
Debug: Window::Draw end
Debug: Start of frame 2361
Debug: Window::Draw start
Debug: Window::Draw end
Debug: Start of frame 2362
Debug: Window::Draw start
Debug: Window::Draw end
Debug: Start of frame 2363
Debug: Window::Draw start
Debug: Window::Draw end
Debug: Start of frame 2364
Debug: Window::Draw start
Debug: Window::Draw end
Debug: Start of frame 2365
Debug: Window::Draw start
Debug: Window::Draw end
Debug: Start of frame 2366
Debug: Window::Draw start
Debug: Window::Draw end
Debug: Start of frame 2367
Debug: Window::Draw start
Debug: Window::Draw end
Debug: Start of frame 2368
Debug: Window::Draw start
Debug: Window::Draw end
Debug: Start of frame 2369
Debug: Window::Draw start
Debug: Window::Draw end
Debug: Start of frame 2370
Debug: Window::Draw start
Debug: Window::Draw end
Debug: Start of frame 2371
Debug: Window::Draw start
Debug: Window::Draw end
Debug: Start of frame 2372
Debug: Window::Draw start
Debug: Window::Draw end
Debug: Start of frame 2373
Debug: Window::Draw start
Debug: Window::Draw end
Debug: Start of frame 2374
Debug: Window::Draw start
Debug: Window::Draw end
Debug: Start of frame 2375
Debug: Window::Draw start
Debug: Window::Draw end
Debug: Start of frame 2376
Debug: Window::Draw start
Debug: Window::Draw end
Debug: Start of frame 2377
Debug: Window::Draw start
Debug: Window::Draw end
Debug: Start of frame 2378
Debug: Window::Draw start
Debug: Window::Draw end
Debug: Start of frame 2379
Debug: Window::Draw start
Debug: Window::Draw end
Debug: Start of frame 2380
Debug: Window::Draw start
Debug: Window::Draw end
Debug: Start of frame 2381
Debug: Window::Draw start
Debug: Window::Draw end
Debug: Start of frame 2382
Debug: Window::Draw start
Debug: Window::Draw end
Debug: Start of frame 2383
Debug: Window::Draw start
Debug: Window::Draw end
Debug: Start of frame 2384
Debug: Window::Draw start
Debug: Window::Draw end
Debug: Start of frame 2385
Debug: Window::Draw start
Debug: Window::Draw end
Debug: Start of frame 2386
Debug: Window::Draw start
Debug: Window::Draw end
Debug: Start of frame 2387
Debug: Window::Draw start
Debug: Window::Draw end
Debug: Start of frame 2388
Debug: Window::Draw start
Debug: Window::Draw end
Debug: Start of frame 2389
Debug: Window::Draw start
Debug: Window::Draw end
Debug: Start of frame 2390
Debug: Window::Draw start
Debug: Window::Draw end
Debug: Start of frame 2391
Debug: Window::Draw start
Debug: Window::Draw end
Debug: Start of frame 2392
Debug: Window::Draw start
Debug: Window::Draw end
Debug: Start of frame 2393
Debug: Window::Draw start
Debug: Window::Draw end
Debug: Start of frame 2394
Debug: Window::Draw start
Debug: Window::Draw end
Debug: Start of frame 2395
Debug: Window::Draw start
Debug: Window::Draw end
Debug: Start of frame 2396
Debug: Window::Draw start
Debug: Window::Draw end
Debug: Start of frame 2397
Debug: Window::Draw start
Debug: Window::Draw end
Debug: Start of frame 2398
Debug: Window::Draw start
Debug: Window::Draw end
Debug: Start of frame 2399
Debug: Window::Draw start
Debug: Window::Draw end
Debug: Start of frame 2400
Debug: Window::Draw start
Debug: Window::Draw end
Debug: Start of frame 2401
Debug: Window::Draw start
Debug: Window::Draw end
Debug: Start of frame 2402
Debug: Window::Draw start
Debug: Window::Draw end
Debug: Start of frame 2403
Debug: Window::Draw start
Debug: Window::Draw end
Debug: Start of frame 2404
Debug: Window::Draw start
Debug: Window::Draw end
Debug: Start of frame 2405
Debug: Window::Draw start
Debug: Window::Draw end
Debug: Start of frame 2406
Debug: Window::Draw start
Debug: Window::Draw end
Debug: Start of frame 2407
Debug: Window::Draw start
Debug: Window::Draw end
Debug: Start of frame 2408
Debug: Window::Draw start
Debug: Window::Draw end
Debug: Start of frame 2409
Debug: Window::Draw start
Debug: Window::Draw end
Debug: Start of frame 2410
Debug: Window::Draw start
Debug: Window::Draw end
Debug: Start of frame 2411
Debug: Window::Draw start
Debug: Window::Draw end
Debug: Start of frame 2412
Debug: Window::Draw start
Debug: Window::Draw end
Debug: Start of frame 2413
Debug: Window::Draw start
Debug: Window::Draw end
Debug: Start of frame 2414
Debug: Window::Draw start
Debug: Window::Draw end
Debug: Start of frame 2415
Debug: Window::Draw start
Debug: Window::Draw end
Debug: Start of frame 2416
Debug: Window::Draw start
Debug: Window::Draw end
Debug: Start of frame 2417
Debug: Window::Draw start
Debug: Window::Draw end
Debug: Start of frame 2418
Debug: Window::Draw start
Debug: Window::Draw end
Debug: Start of frame 2419
Debug: Window::Draw start
Debug: Window::Draw end
Debug: Start of frame 2420
Debug: Window::Draw start
Debug: Window::Draw end
Debug: Start of frame 2421
Debug: Window::Draw start
Debug: Window::Draw end
Debug: Start of frame 2422
Debug: Window::Draw start
Debug: Window::Draw end
Debug: Start of frame 2423
Debug: Window::Draw start
Debug: Window::Draw end
Debug: Start of frame 2424
Debug: Window::Draw start
Debug: Window::Draw end
Debug: Start of frame 2425
Debug: Window::Draw start
Debug: Window::Draw end
Debug: Start of frame 2426
Debug: Window::Draw start
Debug: Window::Draw end
Debug: Start of frame 2427
Debug: Window::Draw start
Debug: Window::Draw end
Debug: Start of frame 2428
Debug: Window::Draw start
Debug: Window::Draw end
Debug: Start of frame 2429
Debug: Window::Draw start
Debug: Window::Draw end
Debug: Start of frame 2430
Debug: Window::Draw start
Debug: Window::Draw end
Debug: Start of frame 2431
Debug: Window::Draw start
Debug: Window::Draw end
Debug: Start of frame 2432
Debug: Window::Draw start
Debug: Window::Draw end
Debug: Start of frame 2433
Debug: Window::Draw start
Debug: Window::Draw end
Debug: Start of frame 2434
Debug: Window::Draw start
Debug: Window::Draw end
Debug: Start of frame 2435
Debug: Window::Draw start
Debug: Window::Draw end
Debug: Start of frame 2436
Debug: Window::Draw start
Debug: Window::Draw end
Debug: Start of frame 2437
Debug: Window::Draw start
Debug: Window::Draw end
Debug: Start of frame 2438
Debug: Window::Draw start
Debug: Window::Draw end
Debug: Start of frame 2439
Debug: Window::Draw start
Debug: Window::Draw end
Debug: Start of frame 2440
Debug: Window::Draw start
Debug: Window::Draw end
Debug: Start of frame 2441
Debug: Window::Draw start
Debug: Window::Draw end
Debug: Start of frame 2442
Debug: Window::Draw start
Debug: Window::Draw end
Debug: Start of frame 2443
Debug: Window::Draw start
Debug: Window::Draw end
Debug: Start of frame 2444
Debug: Window::Draw start
Debug: Window::Draw end
Debug: Start of frame 2445
Debug: Window::Draw start
Debug: Window::Draw end
Debug: Start of frame 2446
Debug: Window::Draw start
Debug: Window::Draw end
Debug: Start of frame 2447
Debug: Window::Draw start
Debug: Window::Draw end
Debug: Start of frame 2448
Debug: Window::Draw start
Debug: Window::Draw end
Debug: Start of frame 2449
Debug: Window::Draw start
Debug: Window::Draw end
Debug: Start of frame 2450
Debug: Window::Draw start
Debug: Window::Draw end
Debug: Start of frame 2451
Debug: Window::Draw start
Debug: Window::Draw end
Debug: Start of frame 2452
Debug: Window::Draw start
Debug: Window::Draw end
Debug: Start of frame 2453
Debug: Window::Draw start
Debug: Window::Draw end
Debug: Start of frame 2454
Debug: Window::Draw start
Debug: Window::Draw end
Debug: Start of frame 2455
Debug: Window::Draw start
Debug: Window::Draw end
Debug: Start of frame 2456
Debug: Window::Draw start
Debug: Window::Draw end
Debug: Start of frame 2457
Debug: Window::Draw start
Debug: Window::Draw end
Debug: Start of frame 2458
Debug: Window::Draw start
Debug: Window::Draw end
Debug: Start of frame 2459
Debug: Window::Draw start
Debug: Window::Draw end
Debug: Start of frame 2460
Debug: Window::Draw start
Debug: Window::Draw end
Debug: Start of frame 2461
Debug: Window::Draw start
Debug: Window::Draw end
Debug: Start of frame 2462
Debug: Window::Draw start
Debug: Window::Draw end
Debug: Start of frame 2463
Debug: Set game state: Cutscene
Debug: Game State Manager: Refreshing current scene 1.5708
Debug: Window::Draw start
Debug: Window::Draw end
Debug: Start of frame 2464
Debug: Window::Draw start
Debug: Window::Draw end
Debug: Start of frame 2465
Debug: Window::Draw start
Debug: Window::Draw end
Debug: Start of frame 2466
Debug: Window::Draw start
Debug: Window::Draw end
Debug: Start of frame 2467
Debug: Window::Draw start
Debug: Window::Draw end
Debug: Start of frame 2468
Debug: Window::Draw start
Debug: Window::Draw end
Debug: Start of frame 2469
Debug: Window::Draw start
Debug: Window::Draw end
Debug: Start of frame 2470
Debug: Window::Draw start
Debug: Window::Draw end
Debug: Start of frame 2471
Debug: Window::Draw start
Debug: Window::Draw end
Debug: Start of frame 2472
Debug: Window::Draw start
Debug: Window::Draw end
Debug: Start of frame 2473
Debug: Window::Draw start
Debug: Window::Draw end
Debug: Start of frame 2474
Debug: Window::Draw start
Debug: Window::Draw end
Debug: Start of frame 2475
Debug: Window::Draw start
Debug: Window::Draw end
Debug: Start of frame 2476
Debug: Window::Draw start
Debug: Window::Draw end
Debug: Start of frame 2477
Debug: Window::Draw start
Debug: Window::Draw end
Debug: Start of frame 2478
Debug: Window::Draw start
Debug: Window::Draw end
Debug: Start of frame 2479
Debug: Window::Draw start
Debug: Window::Draw end
Debug: Start of frame 2480
Debug: Window::Draw start
Debug: Window::Draw end
Debug: Start of frame 2481
Debug: Window::Draw start
Debug: Window::Draw end
Debug: Start of frame 2482
Debug: Window::Draw start
Debug: Window::Draw end
Debug: Start of frame 2483
Debug: Window::Draw start
Debug: Window::Draw end
Debug: Start of frame 2484
Debug: Window::Draw start
Debug: Window::Draw end
Debug: Start of frame 2485
Debug: Window::Draw start
Debug: Window::Draw end
Debug: Start of frame 2486
Debug: Window::Draw start
Debug: Window::Draw end
Debug: Start of frame 2487
Debug: Window::Draw start
Debug: Window::Draw end
Debug: Start of frame 2488
Debug: Window::Draw start
Debug: Window::Draw end
Debug: Start of frame 2489
Debug: Window::Draw start
Debug: Window::Draw end
Debug: Start of frame 2490
Debug: Window::Draw start
Debug: Window::Draw end
Debug: Start of frame 2491
Debug: Window::Draw start
Debug: Window::Draw end
Debug: Start of frame 2492
Debug: Window::Draw start
Debug: Window::Draw end
Debug: Start of frame 2493
Debug: Window::Draw start
Debug: Window::Draw end
Debug: Start of frame 2494
Debug: Window::Draw start
Debug: Window::Draw end
Debug: Start of frame 2495
Debug: Window::Draw start
Debug: Window::Draw end
Debug: Start of frame 2496
Debug: Window::Draw start
Debug: Window::Draw end
Debug: Start of frame 2497
Debug: Window::Draw start
Debug: Window::Draw end
Debug: Start of frame 2498
Debug: Window::Draw start
Debug: Window::Draw end
Debug: Start of frame 2499
Debug: Window::Draw start
Debug: Window::Draw end
Debug: Start of frame 2500
Debug: Window::Draw start
Debug: Window::Draw end
Debug: Start of frame 2501
Debug: Window::Draw start
Debug: Window::Draw end
Debug: Start of frame 2502
Debug: Window::Draw start
Debug: Window::Draw end
Debug: Start of frame 2503
Debug: Window::Draw start
Debug: Window::Draw end
Debug: Start of frame 2504
Debug: Window::Draw start
Debug: Window::Draw end
Debug: Start of frame 2505
Debug: Window::Draw start
Debug: Window::Draw end
Debug: Start of frame 2506
Debug: Window::Draw start
Debug: Window::Draw end
Debug: Start of frame 2507
Debug: Window::Draw start
Debug: Window::Draw end
Debug: Start of frame 2508
Debug: Window::Draw start
Debug: Window::Draw end
Debug: Start of frame 2509
Debug: Window::Draw start
Debug: Window::Draw end
Debug: Start of frame 2510
Debug: Window::Draw start
Debug: Window::Draw end
Debug: Start of frame 2511
Debug: Window::Draw start
Debug: Window::Draw end
Debug: Start of frame 2512
Debug: Window::Draw start
Debug: Window::Draw end
Debug: Start of frame 2513
Debug: Window::Draw start
Debug: Window::Draw end
Debug: Start of frame 2514
Debug: Window::Draw start
Debug: Window::Draw end
Debug: Start of frame 2515
Debug: Window::Draw start
Debug: Window::Draw end
Debug: Start of frame 2516
Debug: Window::Draw start
Debug: Window::Draw end
Debug: Start of frame 2517
Debug: Window::Draw start
Debug: Window::Draw end
Debug: Start of frame 2518
Debug: Window::Draw start
Debug: Window::Draw end
Debug: Start of frame 2519
Debug: Window::Draw start
Debug: Window::Draw end
Debug: Start of frame 2520
Debug: Window::Draw start
Debug: Window::Draw end
Debug: Start of frame 2521
Debug: Window::Draw start
Debug: Window::Draw end
Debug: Start of frame 2522
Debug: Window::Draw start
Debug: Window::Draw end
Debug: Start of frame 2523
Debug: Window::Draw start
Debug: Window::Draw end
Debug: Start of frame 2524
Debug: Window::Draw start
Debug: Window::Draw end
Debug: Start of frame 2525
Debug: Window::Draw start
Debug: Window::Draw end
Debug: Start of frame 2526
Debug: Window::Draw start
Debug: Window::Draw end
Debug: Start of frame 2527
Debug: Window::Draw start
Debug: Window::Draw end
Debug: Start of frame 2528
Debug: Window::Draw start
Debug: Window::Draw end
Debug: Start of frame 2529
Debug: Window::Draw start
Debug: Window::Draw end
Debug: Start of frame 2530
Debug: Window::Draw start
Debug: Window::Draw end
Debug: Start of frame 2531
Debug: Window::Draw start
Debug: Window::Draw end
Debug: Start of frame 2532
Debug: Window::Draw start
Debug: Window::Draw end
Debug: Start of frame 2533
Debug: Window::Draw start
Debug: Window::Draw end
Debug: Start of frame 2534
Debug: Window::Draw start
Debug: Window::Draw end
Debug: Start of frame 2535
Debug: Window::Draw start
Debug: Window::Draw end
Debug: Start of frame 2536
Debug: Window::Draw start
Debug: Window::Draw end
Debug: Start of frame 2537
Debug: Window::Draw start
Debug: Window::Draw end
Debug: Start of frame 2538
Debug: Window::Draw start
Debug: Window::Draw end
Debug: Start of frame 2539
Debug: Window::Draw start
Debug: Window::Draw end
Debug: Start of frame 2540
Debug: Window::Draw start
Debug: Window::Draw end
Debug: Start of frame 2541
Debug: Set game state: Running
Debug: Window::Draw start
Debug: Window::Draw end
Debug: Start of frame 2542
Debug: Window::Draw start
Debug: Window::Draw end
Debug: Start of frame 2543
Debug: Window::Draw start
Debug: Window::Draw end
Debug: Start of frame 2544
Debug: Window::Draw start
Debug: Window::Draw end
Debug: Start of frame 2545
Debug: Window::Draw start
Debug: Window::Draw end
Debug: Start of frame 2546
Debug: Window::Draw start
Debug: Window::Draw end
Debug: Start of frame 2547
Debug: Window::Draw start
Debug: Window::Draw end
Debug: Start of frame 2548
Debug: Window::Draw start
Debug: Window::Draw end
Debug: Start of frame 2549
Debug: Window::Draw start
Debug: Window::Draw end
Debug: Start of frame 2550
Debug: Window::Draw start
Debug: Window::Draw end
Debug: Start of frame 2551
Debug: Window::Draw start
Debug: Window::Draw end
Debug: Start of frame 2552
Debug: Window::Draw start
Debug: Window::Draw end
Debug: Start of frame 2553
Debug: Window::Draw start
Debug: Window::Draw end
Debug: Start of frame 2554
Debug: Window::Draw start
Debug: Window::Draw end
Debug: Start of frame 2555
Debug: Window::Draw start
Debug: Window::Draw end
Debug: Start of frame 2556
Debug: Window::Draw start
Debug: Window::Draw end
Debug: Start of frame 2557
Debug: Window::Draw start
Debug: Window::Draw end
Debug: Start of frame 2558
Debug: Window::Draw start
Debug: Window::Draw end
Debug: Start of frame 2559
Debug: Window::Draw start
Debug: Window::Draw end
Debug: Start of frame 2560
Debug: Window::Draw start
Debug: Window::Draw end
Debug: Start of frame 2561
Debug: Window::Draw start
Debug: Window::Draw end
Debug: Start of frame 2562
Debug: Window::Draw start
Debug: Window::Draw end
Debug: Start of frame 2563
Debug: Window::Draw start
Debug: Window::Draw end
Debug: Start of frame 2564
Debug: Window::Draw start
Debug: Window::Draw end
Debug: Start of frame 2565
Debug: Window::Draw start
Debug: Window::Draw end
Debug: Start of frame 2566
Debug: Window::Draw start
Debug: Window::Draw end
Debug: Start of frame 2567
Debug: Window::Draw start
Debug: Window::Draw end
Debug: Start of frame 2568
Debug: Window::Draw start
Debug: Window::Draw end
Debug: Start of frame 2569
Debug: Window::Draw start
Debug: Window::Draw end
Debug: Start of frame 2570
Debug: Window::Draw start
Debug: Window::Draw end
Debug: Start of frame 2571
Debug: Window::Draw start
Debug: Window::Draw end
Debug: Start of frame 2572
Debug: Window::Draw start
Debug: Window::Draw end
Debug: Start of frame 2573
Debug: Window::Draw start
Debug: Window::Draw end
Debug: Start of frame 2574
Debug: Window::Draw start
Debug: Window::Draw end
Debug: Start of frame 2575
Debug: Window::Draw start
Debug: Window::Draw end
Debug: Start of frame 2576
Debug: Window::Draw start
Debug: Window::Draw end
Debug: Start of frame 2577
Debug: Window::Draw start
Debug: Window::Draw end
Debug: Start of frame 2578
Debug: Window::Draw start
Debug: Window::Draw end
Debug: Start of frame 2579
Debug: Window::Draw start
Debug: Window::Draw end
Debug: Start of frame 2580
Debug: Window::Draw start
Debug: Window::Draw end
Debug: Start of frame 2581
Debug: Window::Draw start
Debug: Window::Draw end
Debug: Start of frame 2582
Debug: Window::Draw start
Debug: Window::Draw end
Debug: Start of frame 2583
Debug: Window::Draw start
Debug: Window::Draw end
Debug: Start of frame 2584
Debug: Window::Draw start
Debug: Window::Draw end
Debug: Start of frame 2585
Debug: Window::Draw start
Debug: Window::Draw end
Debug: Start of frame 2586
Debug: Window::Draw start
Debug: Window::Draw end
Debug: Start of frame 2587
Debug: Window::Draw start
Debug: Window::Draw end
Debug: Start of frame 2588
Debug: Window::Draw start
Debug: Window::Draw end
Debug: Start of frame 2589
Debug: Window::Draw start
Debug: Window::Draw end
Debug: Start of frame 2590
Debug: Window::Draw start
Debug: Window::Draw end
Debug: Start of frame 2591
Debug: Window::Draw start
Debug: Window::Draw end
Debug: Start of frame 2592
Debug: Window::Draw start
Debug: Window::Draw end
Debug: Start of frame 2593
Debug: Window::Draw start
Debug: Window::Draw end
Debug: Start of frame 2594
Debug: Window::Draw start
Debug: Window::Draw end
Debug: Start of frame 2595
Debug: Window::Draw start
Debug: Window::Draw end
Debug: Start of frame 2596
Debug: Window::Draw start
Debug: Window::Draw end
Debug: Start of frame 2597
Debug: Window::Draw start
Debug: Window::Draw end
Debug: Start of frame 2598
Debug: Window::Draw start
Debug: Window::Draw end
Debug: Start of frame 2599
Debug: Window::Draw start
Debug: Window::Draw end
Debug: Start of frame 2600
Debug: Window::Draw start
Debug: Window::Draw end
Debug: Start of frame 2601
Debug: Window::Draw start
Debug: Window::Draw end
Debug: Start of frame 2602
Debug: Window::Draw start
Debug: Window::Draw end
Debug: Start of frame 2603
Debug: Window::Draw start
Debug: Window::Draw end
Debug: Start of frame 2604
Debug: Window::Draw start
Debug: Window::Draw end
Debug: Start of frame 2605
Debug: Window::Draw start
Debug: Window::Draw end
Debug: Start of frame 2606
Debug: Window::Draw start
Debug: Window::Draw end
Debug: Start of frame 2607
Debug: Window::Draw start
Debug: Window::Draw end
Debug: Start of frame 2608
Debug: Window::Draw start
Debug: Window::Draw end
Debug: Start of frame 2609
Debug: Window::Draw start
Debug: Window::Draw end
Debug: Start of frame 2610
Debug: Window::Draw start
Debug: Window::Draw end
Debug: Start of frame 2611
Debug: Window::Draw start
Debug: Window::Draw end
Debug: Start of frame 2612
Debug: Window::Draw start
Debug: Window::Draw end
Debug: Start of frame 2613
Debug: Window::Draw start
Debug: Window::Draw end
Debug: Start of frame 2614
Debug: Window::Draw start
Debug: Window::Draw end
Debug: Start of frame 2615
Debug: Window::Draw start
Debug: Window::Draw end
Debug: Start of frame 2616
Debug: Window::Draw start
Debug: Window::Draw end
Debug: Start of frame 2617
Debug: Window::Draw start
Debug: Window::Draw end
Debug: Start of frame 2618
Debug: Window::Draw start
Debug: Window::Draw end
Debug: Start of frame 2619
Debug: Window::Draw start
Debug: Window::Draw end
Debug: Start of frame 2620
Debug: Window::Draw start
Debug: Window::Draw end
Debug: Start of frame 2621
Debug: Window::Draw start
Debug: Window::Draw end
Debug: Start of frame 2622
Debug: Window::Draw start
Debug: Window::Draw end
Debug: Start of frame 2623
Debug: Window::Draw start
Debug: Window::Draw end
Debug: Start of frame 2624
Debug: Window::Draw start
Debug: Window::Draw end
Debug: Start of frame 2625
Debug: Window::Draw start
Debug: Window::Draw end
Debug: Start of frame 2626
Debug: Window::Draw start
Debug: Window::Draw end
Debug: Start of frame 2627
Debug: Window::Draw start
Debug: Window::Draw end
Debug: Start of frame 2628
Debug: Window::Draw start
Debug: Window::Draw end
Debug: Start of frame 2629
Debug: Window::Draw start
Debug: Window::Draw end
Debug: Start of frame 2630
Debug: Window::Draw start
Debug: Window::Draw end
Debug: Start of frame 2631
Debug: Window::Draw start
Debug: Window::Draw end
Debug: Start of frame 2632
Debug: Window::Draw start
Debug: Window::Draw end
Debug: Start of frame 2633
Debug: Window::Draw start
Debug: Window::Draw end
Debug: Start of frame 2634
Debug: Window::Draw start
Debug: Window::Draw end
Debug: Start of frame 2635
Debug: Window::Draw start
Debug: Window::Draw end
Debug: Start of frame 2636
Debug: Window::Draw start
Debug: Window::Draw end
Debug: Start of frame 2637
Debug: Window::Draw start
Debug: Window::Draw end
Debug: Start of frame 2638
Debug: Window::Draw start
Debug: Window::Draw end
Debug: Start of frame 2639
Debug: Window::Draw start
Debug: Window::Draw end
Debug: Start of frame 2640
Debug: Window::Draw start
Debug: Window::Draw end
Debug: Start of frame 2641
Debug: Window::Draw start
Debug: Window::Draw end
Debug: Start of frame 2642
Debug: Window::Draw start
Debug: Window::Draw end
Debug: Start of frame 2643
Debug: Window::Draw start
Debug: Window::Draw end
Debug: Start of frame 2644
Debug: Window::Draw start
Debug: Window::Draw end
Debug: Start of frame 2645
Debug: Window::Draw start
Debug: Window::Draw end
Debug: Start of frame 2646
Debug: Window::Draw start
Debug: Window::Draw end
Debug: Start of frame 2647
Debug: Window::Draw start
Debug: Window::Draw end
Debug: Start of frame 2648
Debug: Window::Draw start
Debug: Window::Draw end
Debug: Start of frame 2649
Debug: Window::Draw start
Debug: Window::Draw end
Debug: Start of frame 2650
Debug: Window::Draw start
Debug: Window::Draw end
Debug: Start of frame 2651
Debug: Window::Draw start
Debug: Window::Draw end
Debug: Start of frame 2652
Debug: Window::Draw start
Debug: Window::Draw end
Debug: Start of frame 2653
Debug: Window::Draw start
Debug: Window::Draw end
Debug: Start of frame 2654
Debug: Window::Draw start
Debug: Window::Draw end
Debug: Start of frame 2655
Debug: Window::Draw start
Debug: Window::Draw end
Debug: Start of frame 2656
Debug: Window::Draw start
Debug: Window::Draw end
Debug: Start of frame 2657
Debug: Window::Draw start
Debug: Window::Draw end
Debug: Start of frame 2658
Debug: Window::Draw start
Debug: Window::Draw end
Debug: Start of frame 2659
Debug: Window::Draw start
Debug: Window::Draw end
Debug: Start of frame 2660
Debug: Window::Draw start
Debug: Window::Draw end
Debug: Start of frame 2661
Debug: Window::Draw start
Debug: Window::Draw end
Debug: Start of frame 2662
Debug: Window::Draw start
Debug: Window::Draw end
Debug: Start of frame 2663
Debug: Window::Draw start
Debug: Window::Draw end
Debug: Start of frame 2664
Debug: Window::Draw start
Debug: Window::Draw end
Debug: Start of frame 2665
Debug: Window::Draw start
Debug: Window::Draw end
Debug: Start of frame 2666
Debug: Window::Draw start
Debug: Window::Draw end
Debug: Start of frame 2667
Debug: Window::Draw start
Debug: Window::Draw end
Debug: Start of frame 2668
Debug: Window::Draw start
Debug: Window::Draw end
Debug: Start of frame 2669
Debug: Window::Draw start
Debug: Window::Draw end
Debug: Start of frame 2670
Debug: Window::Draw start
Debug: Window::Draw end
Debug: Start of frame 2671
Debug: Window::Draw start
Debug: Window::Draw end
Debug: Start of frame 2672
Debug: Window::Draw start
Debug: Window::Draw end
Debug: Start of frame 2673
Debug: Window::Draw start
Debug: Window::Draw end
Debug: Start of frame 2674
Debug: Window::Draw start
Debug: Window::Draw end
Debug: Start of frame 2675
Debug: Window::Draw start
Debug: Window::Draw end
Debug: Start of frame 2676
Debug: Window::Draw start
Debug: Window::Draw end
Debug: Start of frame 2677
Debug: Window::Draw start
Debug: Window::Draw end
Debug: Start of frame 2678
Debug: Window::Draw start
Debug: Window::Draw end
Debug: Start of frame 2679
Debug: Window::Draw start
Debug: Window::Draw end
Debug: Start of frame 2680
Debug: Window::Draw start
Debug: Window::Draw end
Debug: Start of frame 2681
Debug: Window::Draw start
Debug: Window::Draw end
Debug: Start of frame 2682
Debug: Window::Draw start
Debug: Window::Draw end
Debug: Start of frame 2683
Debug: Window::Draw start
Debug: Window::Draw end
Debug: Start of frame 2684
Debug: Window::Draw start
Debug: Window::Draw end
Debug: Start of frame 2685
Debug: Window::Draw start
Debug: Window::Draw end
Debug: Start of frame 2686
Debug: Window::Draw start
Debug: Window::Draw end
Debug: Start of frame 2687
Debug: Window::Draw start
Debug: Window::Draw end
Debug: Start of frame 2688
Debug: Window::Draw start
Debug: Window::Draw end
Debug: Start of frame 2689
Debug: Window::Draw start
Debug: Window::Draw end
Debug: Start of frame 2690
Debug: Window::Draw start
Debug: Window::Draw end
Debug: Start of frame 2691
Debug: Window::Draw start
Debug: Window::Draw end
Debug: Start of frame 2692
Debug: Window::Draw start
Debug: Window::Draw end
Debug: Start of frame 2693
Debug: Window::Draw start
Debug: Window::Draw end
Debug: Start of frame 2694
Debug: Window::Draw start
Debug: Window::Draw end
Debug: Start of frame 2695
Debug: Window::Draw start
Debug: Window::Draw end
Debug: Start of frame 2696
Debug: Window::Draw start
Debug: Window::Draw end
Debug: Start of frame 2697
Debug: Window::Draw start
Debug: Window::Draw end
Debug: Start of frame 2698
Debug: Window::Draw start
Debug: Window::Draw end
Debug: Start of frame 2699
Debug: Window::Draw start
Debug: Window::Draw end
Debug: Start of frame 2700
Debug: Window::Draw start
Debug: Window::Draw end
Debug: Start of frame 2701
Debug: Window::Draw start
Debug: Window::Draw end
Debug: Start of frame 2702
Debug: Window::Draw start
Debug: Window::Draw end
Debug: Start of frame 2703
Debug: Window::Draw start
Debug: Window::Draw end
Debug: Start of frame 2704
Debug: Window::Draw start
Debug: Window::Draw end
Debug: Start of frame 2705
Debug: Window::Draw start
Debug: Window::Draw end
Debug: Start of frame 2706
Debug: Window::Draw start
Debug: Window::Draw end
Debug: Start of frame 2707
Debug: Window::Draw start
Debug: Window::Draw end
Debug: Start of frame 2708
Debug: Window::Draw start
Debug: Window::Draw end
Debug: Start of frame 2709
Debug: Window::Draw start
Debug: Window::Draw end
Debug: Start of frame 2710
Debug: Window::Draw start
Debug: Window::Draw end
Debug: Start of frame 2711
Debug: Window::Draw start
Debug: Window::Draw end
Debug: Start of frame 2712
Debug: Window::Draw start
Debug: Window::Draw end
Debug: Start of frame 2713
Debug: Window::Draw start
Debug: Window::Draw end
Debug: Start of frame 2714
Debug: Window::Draw start
Debug: Window::Draw end
Debug: Start of frame 2715
Debug: Window::Draw start
Debug: Window::Draw end
Debug: Start of frame 2716
Debug: Window::Draw start
Debug: Window::Draw end
Debug: Start of frame 2717
Debug: Window::Draw start
Debug: Window::Draw end
Debug: Start of frame 2718
Debug: Window::Draw start
Debug: Window::Draw end
Debug: Start of frame 2719
Debug: Window::Draw start
Debug: Window::Draw end
Debug: Start of frame 2720
Debug: Window::Draw start
Debug: Window::Draw end
Debug: Start of frame 2721
Debug: Window::Draw start
Debug: Window::Draw end
Debug: Start of frame 2722
Debug: Window::Draw start
Debug: Window::Draw end
Debug: Start of frame 2723
Debug: Window::Draw start
Debug: Window::Draw end
Debug: Start of frame 2724
Debug: Window::Draw start
Debug: Window::Draw end
Debug: Start of frame 2725
Debug: Window::Draw start
Debug: Window::Draw end
Debug: Start of frame 2726
Debug: Window::Draw start
Debug: Window::Draw end
Debug: Start of frame 2727
Debug: Window::Draw start
Debug: Window::Draw end
Debug: Start of frame 2728
Debug: Window::Draw start
Debug: Window::Draw end
Debug: Start of frame 2729
Debug: Window::Draw start
Debug: Window::Draw end
Debug: Start of frame 2730
Debug: Window::Draw start
Debug: Window::Draw end
Debug: Start of frame 2731
Debug: Window::Draw start
Debug: Window::Draw end
Debug: Start of frame 2732
Debug: Window::Draw start
Debug: Window::Draw end
Debug: Start of frame 2733
Debug: Window::Draw start
Debug: Window::Draw end
Debug: Start of frame 2734
Debug: Window::Draw start
Debug: Window::Draw end
Debug: Start of frame 2735
Debug: Window::Draw start
Debug: Window::Draw end
Debug: Start of frame 2736
Debug: Window::Draw start
Debug: Window::Draw end
Debug: Start of frame 2737
Debug: Window::Draw start
Debug: Window::Draw end
Debug: Start of frame 2738
Debug: Window::Draw start
Debug: Window::Draw end
Debug: Start of frame 2739
Debug: Window::Draw start
Debug: Window::Draw end
Debug: Start of frame 2740
Debug: Window::Draw start
Debug: Window::Draw end
Debug: Start of frame 2741
Debug: Window::Draw start
Debug: Window::Draw end
Debug: Start of frame 2742
Debug: Window::Draw start
Debug: Window::Draw end
Debug: Start of frame 2743
Debug: Window::Draw start
Debug: Window::Draw end
Debug: Start of frame 2744
Debug: Window::Draw start
Debug: Window::Draw end
Debug: Start of frame 2745
Debug: Window::Draw start
Debug: Window::Draw end
Debug: Start of frame 2746
Debug: Window::Draw start
Debug: Window::Draw end
Debug: Start of frame 2747
Debug: Window::Draw start
Debug: Window::Draw end
Debug: Start of frame 2748
Debug: Window::Draw start
Debug: Window::Draw end
Debug: Start of frame 2749
Debug: Window::Draw start
Debug: Window::Draw end
Debug: Start of frame 2750
Debug: Window::Draw start
Debug: Window::Draw end
Debug: Start of frame 2751
Debug: Window::Draw start
Debug: Window::Draw end
Debug: Start of frame 2752
Debug: Window::Draw start
Debug: Window::Draw end
Debug: Start of frame 2753
Debug: Window::Draw start
Debug: Window::Draw end
Debug: Start of frame 2754
Debug: Window::Draw start
Debug: Window::Draw end
Debug: Start of frame 2755
Debug: Window::Draw start
Debug: Window::Draw end
Debug: Start of frame 2756
Debug: Window::Draw start
Debug: Window::Draw end
Debug: Start of frame 2757
Debug: Window::Draw start
Debug: Window::Draw end
Debug: Start of frame 2758
Debug: Window::Draw start
Debug: Window::Draw end
Debug: Start of frame 2759
Debug: Window::Draw start
Debug: Window::Draw end
Debug: Start of frame 2760
Debug: Window::Draw start
Debug: Window::Draw end
Debug: Start of frame 2761
Debug: Window::Draw start
Debug: Window::Draw end
Debug: Start of frame 2762
Debug: Window::Draw start
Debug: Window::Draw end
Debug: Start of frame 2763
Debug: Window::Draw start
Debug: Window::Draw end
Debug: Start of frame 2764
Debug: Window::Draw start
Debug: Window::Draw end
Debug: Start of frame 2765
Debug: Window::Draw start
Debug: Window::Draw end
Debug: Start of frame 2766
Debug: Window::Draw start
Debug: Window::Draw end
Debug: Start of frame 2767
Debug: Window::Draw start
Debug: Window::Draw end
Debug: Start of frame 2768
Debug: Window::Draw start
Debug: Window::Draw end
Debug: Start of frame 2769
Debug: Window::Draw start
Debug: Window::Draw end
Debug: Start of frame 2770
Debug: Window::Draw start
Debug: Window::Draw end
Debug: Start of frame 2771
Debug: Window::Draw start
Debug: Window::Draw end
Debug: Start of frame 2772
Debug: Window::Draw start
Debug: Window::Draw end
Debug: Start of frame 2773
Debug: Window::Draw start
Debug: Window::Draw end
Debug: Start of frame 2774
Debug: Window::Draw start
Debug: Window::Draw end
Debug: Start of frame 2775
Debug: Window::Draw start
Debug: Window::Draw end
Debug: Start of frame 2776
Debug: Window::Draw start
Debug: Window::Draw end
Debug: Start of frame 2777
Debug: Window::Draw start
Debug: Window::Draw end
Debug: Start of frame 2778
Debug: Window::Draw start
Debug: Window::Draw end
Debug: Start of frame 2779
Debug: Window::Draw start
Debug: Window::Draw end
Debug: Start of frame 2780
Debug: Window::Draw start
Debug: Window::Draw end
Debug: Start of frame 2781
Debug: Window::Draw start
Debug: Window::Draw end
Debug: Start of frame 2782
Debug: Window::Draw start
Debug: Window::Draw end
Debug: Start of frame 2783
Debug: Window::Draw start
Debug: Window::Draw end
Debug: Start of frame 2784
Debug: Window::Draw start
Debug: Window::Draw end
Debug: Start of frame 2785
Debug: Window::Draw start
Debug: Window::Draw end
Debug: Start of frame 2786
Debug: Window::Draw start
Debug: Window::Draw end
Debug: Start of frame 2787
Debug: Window::Draw start
Debug: Window::Draw end
Debug: Start of frame 2788
Debug: Window::Draw start
Debug: Window::Draw end
Debug: Start of frame 2789
Debug: Window::Draw start
Debug: Window::Draw end
Debug: Start of frame 2790
Debug: Window::Draw start
Debug: Window::Draw end
Debug: Start of frame 2791
Debug: Window::Draw start
Debug: Window::Draw end
Debug: Start of frame 2792
Debug: Window::Draw start
Debug: Window::Draw end
Debug: Start of frame 2793
Debug: Window::Draw start
Debug: Window::Draw end
Debug: Start of frame 2794
Debug: Window::Draw start
Debug: Window::Draw end
Debug: Start of frame 2795
Debug: Window::Draw start
Debug: Window::Draw end
Debug: Start of frame 2796
Debug: Window::Draw start
Debug: Window::Draw end
Debug: Start of frame 2797
Debug: Window::Draw start
Debug: Window::Draw end
Debug: Start of frame 2798
Debug: Window::Draw start
Debug: Window::Draw end
Debug: Start of frame 2799
Debug: Window::Draw start
Debug: Window::Draw end
Debug: Start of frame 2800
Debug: Window::Draw start
Debug: Window::Draw end
Debug: Start of frame 2801
Debug: Window::Draw start
Debug: Window::Draw end
Debug: Start of frame 2802
Debug: Window::Draw start
Debug: Window::Draw end
Debug: Start of frame 2803
Debug: Window::Draw start
Debug: Window::Draw end
Debug: Start of frame 2804
Debug: Window::Draw start
Debug: Window::Draw end
Debug: Start of frame 2805
Debug: Window::Draw start
Debug: Window::Draw end
Debug: Start of frame 2806
Debug: Window::Draw start
Debug: Window::Draw end
Debug: Start of frame 2807
Debug: Window::Draw start
Debug: Window::Draw end
Debug: Start of frame 2808
Debug: Window::Draw start
Debug: Window::Draw end
Debug: Start of frame 2809
Debug: Window::Draw start
Debug: Window::Draw end
Debug: Start of frame 2810
Debug: Window::Draw start
Debug: Window::Draw end
Debug: Start of frame 2811
Debug: Window::Draw start
Debug: Window::Draw end
Debug: Start of frame 2812
Debug: Window::Draw start
Debug: Window::Draw end
Debug: Start of frame 2813
Debug: Window::Draw start
Debug: Window::Draw end
Debug: Start of frame 2814
Debug: Window::Draw start
Debug: Window::Draw end
Debug: Start of frame 2815
Debug: Window::Draw start
Debug: Window::Draw end
Debug: Start of frame 2816
Debug: Window::Draw start
Debug: Window::Draw end
Debug: Start of frame 2817
Debug: Window::Draw start
Debug: Window::Draw end
Debug: Start of frame 2818
Debug: Window::Draw start
Debug: Window::Draw end
Debug: Start of frame 2819
Debug: Window::Draw start
Debug: Window::Draw end
Debug: Start of frame 2820
Debug: Window::Draw start
Debug: Window::Draw end
Debug: Start of frame 2821
Debug: Window::Draw start
Debug: Window::Draw end
Debug: Start of frame 2822
Debug: Window::Draw start
Debug: Window::Draw end
Debug: Start of frame 2823
Debug: Window::Draw start
Debug: Window::Draw end
Debug: Start of frame 2824
Debug: Window::Draw start
Debug: Window::Draw end
Debug: Start of frame 2825
Debug: Window::Draw start
Debug: Window::Draw end
Debug: Start of frame 2826
Debug: Window::Draw start
Debug: Window::Draw end
Debug: Start of frame 2827
Debug: Window::Draw start
Debug: Window::Draw end
Debug: Start of frame 2828
Debug: Window::Draw start
Debug: Window::Draw end
Debug: Start of frame 2829
Debug: Window::Draw start
Debug: Window::Draw end
Debug: Start of frame 2830
Debug: Window::Draw start
Debug: Window::Draw end
Debug: Start of frame 2831
Debug: Window::Draw start
Debug: Window::Draw end
Debug: Start of frame 2832
Debug: Window::Draw start
Debug: Window::Draw end
Debug: Start of frame 2833
Debug: Window::Draw start
Debug: Window::Draw end
Debug: Start of frame 2834
Debug: Window::Draw start
Debug: Window::Draw end
Debug: Start of frame 2835
Debug: Window::Draw start
Debug: Window::Draw end
Debug: Start of frame 2836
Debug: Window::Draw start
Debug: Window::Draw end
Debug: Start of frame 2837
Debug: Window::Draw start
Debug: Window::Draw end
Debug: Start of frame 2838
Debug: Window::Draw start
Debug: Window::Draw end
Debug: Start of frame 2839
Debug: Window::Draw start
Debug: Window::Draw end
Debug: Start of frame 2840
Debug: Window::Draw start
Debug: Window::Draw end
Debug: Start of frame 2841
Debug: Window::Draw start
Debug: Window::Draw end
Debug: Start of frame 2842
Debug: Window::Draw start
Debug: Window::Draw end
Debug: Start of frame 2843
Debug: Window::Draw start
Debug: Window::Draw end
Debug: Start of frame 2844
Debug: Window::Draw start
Debug: Window::Draw end
Debug: Start of frame 2845
Debug: Window::Draw start
Debug: Window::Draw end
Debug: Start of frame 2846
Debug: Window::Draw start
Debug: Window::Draw end
Debug: Start of frame 2847
Debug: Window::Draw start
Debug: Window::Draw end
Debug: Start of frame 2848
Debug: Window::Draw start
Debug: Window::Draw end
Debug: Start of frame 2849
Debug: Window::Draw start
Debug: Window::Draw end
Debug: Start of frame 2850
Debug: Window::Draw start
Debug: Window::Draw end
Debug: Start of frame 2851
Debug: Window::Draw start
Debug: Window::Draw end
Debug: Start of frame 2852
Debug: Window::Draw start
Debug: Window::Draw end
Debug: Start of frame 2853
Debug: Window::Draw start
Debug: Window::Draw end
Debug: Start of frame 2854
Debug: Window::Draw start
Debug: Window::Draw end
Debug: Start of frame 2855
Debug: Window::Draw start
Debug: Window::Draw end
Debug: Start of frame 2856
Debug: Window::Draw start
Debug: Window::Draw end
Debug: Start of frame 2857
Debug: Window::Draw start
Debug: Window::Draw end
Debug: Start of frame 2858
Debug: Window::Draw start
Debug: Window::Draw end
Debug: Start of frame 2859
Debug: Window::Draw start
Debug: Window::Draw end
Debug: Start of frame 2860
Debug: Window::Draw start
Debug: Window::Draw end
Debug: Start of frame 2861
Debug: Window::Draw start
Debug: Window::Draw end
Debug: Start of frame 2862
Debug: Window::Draw start
Debug: Window::Draw end
Debug: Start of frame 2863
Debug: Window::Draw start
Debug: Window::Draw end
Debug: Start of frame 2864
Debug: Window::Draw start
Debug: Window::Draw end
Debug: Start of frame 2865
Debug: Window::Draw start
Debug: Window::Draw end
Debug: Start of frame 2866
Debug: Window::Draw start
Debug: Window::Draw end
Debug: Start of frame 2867
Debug: Window::Draw start
Debug: Window::Draw end
Debug: Start of frame 2868
Debug: Window::Draw start
Debug: Window::Draw end
Debug: Start of frame 2869
Debug: Window::Draw start
Debug: Window::Draw end
Debug: Start of frame 2870
Debug: Window::Draw start
Debug: Window::Draw end
Debug: Start of frame 2871
Debug: Window::Draw start
Debug: Window::Draw end
Debug: Start of frame 2872
Debug: Window::Draw start
Debug: Window::Draw end
Debug: Start of frame 2873
Debug: Window::Draw start
Debug: Window::Draw end
Debug: Start of frame 2874
Debug: Window::Draw start
Debug: Window::Draw end
Debug: Start of frame 2875
Debug: Window::Draw start
Debug: Window::Draw end
Debug: Start of frame 2876
Debug: Window::Draw start
Debug: Window::Draw end
Debug: Start of frame 2877
Debug: Window::Draw start
Debug: Window::Draw end
Debug: Start of frame 2878
Debug: Window::Draw start
Debug: Window::Draw end
Debug: Start of frame 2879
Debug: Window::Draw start
Debug: Window::Draw end
Debug: Start of frame 2880
Debug: Window::Draw start
Debug: Window::Draw end
Debug: Start of frame 2881
Debug: Window::Draw start
Debug: Window::Draw end
Debug: Start of frame 2882
Debug: Window::Draw start
Debug: Window::Draw end
Debug: Start of frame 2883
Debug: Window::Draw start
Debug: Window::Draw end
Debug: Start of frame 2884
Debug: Window::Draw start
Debug: Window::Draw end
Debug: Start of frame 2885
Debug: Window::Draw start
Debug: Window::Draw end
Debug: Start of frame 2886
Debug: Window::Draw start
Debug: Window::Draw end
Debug: Start of frame 2887
Debug: Window::Draw start
Debug: Window::Draw end
Debug: Start of frame 2888
Debug: Window::Draw start
Debug: Window::Draw end
Debug: Start of frame 2889
Debug: Window::Draw start
Debug: Window::Draw end
Debug: Start of frame 2890
Debug: Window::Draw start
Debug: Window::Draw end
Debug: Start of frame 2891
Debug: Window::Draw start
Debug: Window::Draw end
Debug: Start of frame 2892
Debug: Window::Draw start
Debug: Window::Draw end
Debug: Start of frame 2893
Debug: Window::Draw start
Debug: Window::Draw end
Debug: Start of frame 2894
Debug: Window::Draw start
Debug: Window::Draw end
Debug: Start of frame 2895
Debug: Window::Draw start
Debug: Window::Draw end
Debug: Start of frame 2896
Debug: Window::Draw start
Debug: Window::Draw end
Debug: Start of frame 2897
Debug: Window::Draw start
Debug: Window::Draw end
Debug: Start of frame 2898
Debug: Window::Draw start
Debug: Window::Draw end
Debug: Start of frame 2899
Debug: Window::Draw start
Debug: Window::Draw end
Debug: Start of frame 2900
Debug: Window::Draw start
Debug: Window::Draw end
Debug: Start of frame 2901
Debug: Window::Draw start
Debug: Window::Draw end
Debug: Start of frame 2902
Debug: Window::Draw start
Debug: Window::Draw end
Debug: Start of frame 2903
Debug: Window::Draw start
Debug: Window::Draw end
Debug: Start of frame 2904
Debug: Window::Draw start
Debug: Window::Draw end
Debug: Start of frame 2905
Debug: Window::Draw start
Debug: Window::Draw end
Debug: Start of frame 2906
Debug: Window::Draw start
Debug: Window::Draw end
Debug: Start of frame 2907
Debug: Window::Draw start
Debug: Window::Draw end
Debug: Start of frame 2908
Debug: Window::Draw start
Debug: Window::Draw end
Debug: Start of frame 2909
Debug: Window::Draw start
Debug: Window::Draw end
Debug: Start of frame 2910
Debug: Window::Draw start
Debug: Window::Draw end
Debug: Start of frame 2911
Debug: Window::Draw start
Debug: Window::Draw end
Debug: Start of frame 2912
Debug: Window::Draw start
Debug: Window::Draw end
Debug: Start of frame 2913
Debug: Window::Draw start
Debug: Window::Draw end
Debug: Start of frame 2914
Debug: Window::Draw start
Debug: Window::Draw end
Debug: Start of frame 2915
Debug: Window::Draw start
Debug: Window::Draw end
Debug: Start of frame 2916
Debug: Window::Draw start
Debug: Window::Draw end
Debug: Start of frame 2917
Debug: Window::Draw start
Debug: Window::Draw end
Debug: Start of frame 2918
Debug: Window::Draw start
Debug: Window::Draw end
Debug: Start of frame 2919
Debug: Window::Draw start
Debug: Window::Draw end
Debug: Start of frame 2920
Debug: Window::Draw start
Debug: Window::Draw end
Debug: Start of frame 2921
Debug: Window::Draw start
Debug: Window::Draw end
Debug: Start of frame 2922
Debug: Window::Draw start
Debug: Window::Draw end
Debug: Start of frame 2923
Debug: Window::Draw start
Debug: Window::Draw end
Debug: Start of frame 2924
Debug: Window::Draw start
Debug: Window::Draw end
Debug: Start of frame 2925
Debug: Window::Draw start
Debug: Window::Draw end
Debug: Start of frame 2926
Debug: Window::Draw start
Debug: Window::Draw end
Debug: Start of frame 2927
Debug: Window::Draw start
Debug: Window::Draw end
Debug: Start of frame 2928
Debug: Window::Draw start
Debug: Window::Draw end
Debug: Start of frame 2929
Debug: Window::Draw start
Debug: Window::Draw end
Debug: Start of frame 2930
Debug: Window::Draw start
Debug: Window::Draw end
Debug: Start of frame 2931
Debug: Window::Draw start
Debug: Window::Draw end
Debug: Start of frame 2932
Debug: Window::Draw start
Debug: Window::Draw end
Debug: Start of frame 2933
Debug: Window::Draw start
Debug: Window::Draw end
Debug: Start of frame 2934
Debug: Window::Draw start
Debug: Window::Draw end
Debug: Start of frame 2935
Debug: Window::Draw start
Debug: Window::Draw end
Debug: Start of frame 2936
Debug: Window::Draw start
Debug: Window::Draw end
Debug: Start of frame 2937
Debug: Window::Draw start
Debug: Window::Draw end
Debug: Start of frame 2938
Debug: Window::Draw start
Debug: Window::Draw end
Debug: Start of frame 2939
Debug: Window::Draw start
Debug: Window::Draw end
Debug: Start of frame 2940
Debug: Window::Draw start
Debug: Window::Draw end
Debug: Start of frame 2941
Debug: Window::Draw start
Debug: Window::Draw end
Debug: Start of frame 2942
Debug: Window::Draw start
Debug: Window::Draw end
Debug: Start of frame 2943
Debug: Window::Draw start
Debug: Window::Draw end
Debug: Start of frame 2944
Debug: Window::Draw start
Debug: Window::Draw end
Debug: Start of frame 2945
Debug: Window::Draw start
Debug: Window::Draw end
Debug: Start of frame 2946
Debug: Window::Draw start
Debug: Window::Draw end
Debug: Start of frame 2947
Debug: Window::Draw start
Debug: Window::Draw end
Debug: Start of frame 2948
Debug: Window::Draw start
Debug: Window::Draw end
Debug: Start of frame 2949
Debug: Window::Draw start
Debug: Window::Draw end
Debug: Start of frame 2950
Debug: Window::Draw start
Debug: Window::Draw end
Debug: Start of frame 2951
Debug: Window::Draw start
Debug: Window::Draw end
Debug: Start of frame 2952
Debug: Window::Draw start
Debug: Window::Draw end
Debug: Start of frame 2953
Debug: Window::Draw start
Debug: Window::Draw end
Debug: Start of frame 2954
Debug: Window::Draw start
Debug: Window::Draw end
Debug: Start of frame 2955
Debug: Window::Draw start
Debug: Window::Draw end
Debug: Start of frame 2956
Debug: Window::Draw start
Debug: Window::Draw end
Debug: Start of frame 2957
Debug: Game State Manager: Set game state: Menu
Debug: Window::Draw start
Debug: Window::Draw end
Debug: Start of frame 2958
Debug: Window::Draw start
Debug: Window::Draw end
Debug: Start of frame 2959
Debug: Window::Draw start
Debug: Window::Draw end
Debug: Start of frame 2960
Debug: Window::Draw start
Debug: Window::Draw end
Debug: Start of frame 2961
Debug: Window::Draw start
Debug: Window::Draw end
Debug: Start of frame 2962
Debug: Window::Draw start
Debug: Window::Draw end
Debug: Start of frame 2963
Debug: Window::Draw start
Debug: Window::Draw end
Debug: Start of frame 2964
Debug: Window::Draw start
Debug: Window::Draw end
Debug: Start of frame 2965
Debug: Window::Draw start
Debug: Window::Draw end
Debug: Start of frame 2966
Debug: Window::Draw start
Debug: Window::Draw end
Debug: Start of frame 2967
Debug: Window::Draw start
Debug: Window::Draw end
Debug: Start of frame 2968
Debug: Window::Draw start
Debug: Window::Draw end
Debug: Start of frame 2969
Debug: Window::Draw start
Debug: Window::Draw end
Debug: Start of frame 2970
Debug: Window::Draw start
Debug: Window::Draw end
Debug: Start of frame 2971
Debug: Window::Draw start
Debug: Window::Draw end
Debug: Start of frame 2972
Debug: Window::Draw start
Debug: Window::Draw end
Debug: Start of frame 2973
Debug: Window::Draw start
Debug: Window::Draw end
Debug: Start of frame 2974
Debug: Window::Draw start
Debug: Window::Draw end
Debug: Start of frame 2975
Debug: Window::Draw start
Debug: Window::Draw end
Debug: Start of frame 2976
Debug: Window::Draw start
Debug: Window::Draw end
Debug: Start of frame 2977
Debug: Window::Draw start
Debug: Window::Draw end
Debug: Start of frame 2978
Debug: Window::Draw start
Debug: Window::Draw end
Debug: Start of frame 2979
Debug: Window::Draw start
Debug: Window::Draw end
Debug: Start of frame 2980
Debug: Window::Draw start
Debug: Window::Draw end
Debug: Start of frame 2981
Debug: Window::Draw start
Debug: Window::Draw end
Debug: Start of frame 2982
Debug: Window::Draw start
Debug: Window::Draw end
Debug: Start of frame 2983
Debug: Window::Draw start
Debug: Window::Draw end
Debug: Start of frame 2984
Debug: Window::Draw start
Debug: Window::Draw end
Debug: Start of frame 2985
Debug: Window::Draw start
Debug: Window::Draw end
Debug: Start of frame 2986
Debug: Window::Draw start
Debug: Window::Draw end
Debug: Start of frame 2987
Debug: Window::Draw start
Debug: Window::Draw end
Debug: Start of frame 2988
Debug: Window::Draw start
Debug: Window::Draw end
Debug: Start of frame 2989
Debug: Window::Draw start
Debug: Window::Draw end
Debug: Start of frame 2990
Debug: Window::Draw start
Debug: Window::Draw end
Debug: Start of frame 2991
Debug: Window::Draw start
Debug: Window::Draw end
Debug: Start of frame 2992
Debug: Window::Draw start
Debug: Window::Draw end
Debug: Start of frame 2993
Debug: Window::Draw start
Debug: Window::Draw end
Debug: Start of frame 2994
Debug: Window::Draw start
Debug: Window::Draw end
Debug: Start of frame 2995
Debug: Window::Draw start
Debug: Window::Draw end
Debug: Start of frame 2996
Debug: Window::Draw start
Debug: Window::Draw end
Debug: Start of frame 2997
Debug: Window::Draw start
Debug: Window::Draw end
Debug: Start of frame 2998
Debug: Window::Draw start
Debug: Window::Draw end
Debug: Start of frame 2999
Debug: Window::Draw start
Debug: Window::Draw end
Debug: Start of frame 3000
Debug: Window::Draw start
Debug: Window::Draw end
Debug: Start of frame 3001
Debug: Window::Draw start
Debug: Window::Draw end
Debug: Start of frame 3002
Debug: Set game state: Walking
Debug: Window::Draw start
Debug: Window::Draw end
Debug: Start of frame 3003
Debug: Player: Deleted
Debug: Inventory: Deleted
Debug: Texture: Deleted Assets/Sprites/Alice_Neutral.png
Debug: Texture: Deleted Assets/Sprites/Wall2.png
Debug: Texture: Deleted Assets/Sprites/Wall_Cracked.png
Debug: Texture: Deleted Assets/Sprites/Key.png
Debug: Texture: Deleted Assets/Sprites/LockedWall.png
Debug: Texture: Deleted Assets/Sprites/Coin.png
Debug: Texture: Deleted Assets/Sprites/Bumper.png
Debug: Texture: Deleted Assets/Sprites/Flag.png
Debug: Texture: Deleted Assets/Sprites/Highlight_Box.png
Debug: Texture: Deleted Assets/Sprites/Inventory_Boxes_Pixel.png
Debug: Texture: Deleted 
Debug: Texture manager cleared
Debug: Texture: New texture loaded Assets/Sprites/Alice_Neutral.png
Debug: Texture: New texture loaded Assets/Sprites/Wall2.png
Debug: Texture: New texture loaded 3925x58
Debug: Texture: New texture loaded Assets/Sprites/Coin.png
Debug: Texture: New texture loaded Assets/Sprites/Highlight_Box.png
Debug: Texture: New texture loaded Assets/Sprites/Inventory_Boxes_Pixel.png
Debug: Inventory: Initialized
Debug: Player: Created
Debug: Game State Manager: Set game state: Menu
Debug: Window::Draw start
Debug: Window::Draw end
Debug: Start of frame 3004
Debug: Window::Draw start
Debug: Window::Draw end
Debug: Start of frame 3005
Debug: Window::Draw start
Debug: Window::Draw end
Debug: Start of frame 3006
Debug: Window::Draw start
Debug: Window::Draw end
Debug: Start of frame 3007
Debug: Window::Draw start
Debug: Window::Draw end
Debug: Start of frame 3008
Debug: Window::Draw start
Debug: Window::Draw end
Debug: Start of frame 3009
Debug: Window::Draw start
Debug: Window::Draw end
Debug: Start of frame 3010
Debug: Window::Draw start
Debug: Window::Draw end
Debug: Start of frame 3011
Debug: Window::Draw start
Debug: Window::Draw end
Debug: Start of frame 3012
Debug: Window::Draw start
Debug: Window::Draw end
Debug: Start of frame 3013
Debug: Window::Draw start
Debug: Window::Draw end
Debug: Start of frame 3014
Debug: Window::Draw start
Debug: Window::Draw end
Debug: Start of frame 3015
Debug: Window::Draw start
Debug: Window::Draw end
Debug: Start of frame 3016
Debug: Window::Draw start
Debug: Window::Draw end
Debug: Start of frame 3017
Debug: Window::Draw start
Debug: Window::Draw end
Debug: Start of frame 3018
Debug: Window::Draw start
Debug: Window::Draw end
Debug: Start of frame 3019
Debug: Window::Draw start
Debug: Window::Draw end
Debug: Start of frame 3020
Debug: Window::Draw start
Debug: Window::Draw end
Debug: Start of frame 3021
Debug: Window::Draw start
Debug: Window::Draw end
Debug: Start of frame 3022
Debug: Window::Draw start
Debug: Window::Draw end
Debug: Start of frame 3023
Debug: Window::Draw start
Debug: Window::Draw end
Debug: Start of frame 3024
Debug: Window::Draw start
Debug: Window::Draw end
Debug: Start of frame 3025
Debug: Window::Draw start
Debug: Window::Draw end
Debug: Start of frame 3026
Debug: Window::Draw start
Debug: Window::Draw end
Debug: Start of frame 3027
Debug: Window::Draw start
Debug: Window::Draw end
Debug: Start of frame 3028
Debug: Window::Draw start
Debug: Window::Draw end
Debug: Start of frame 3029
Debug: Window::Draw start
Debug: Window::Draw end
Debug: Start of frame 3030
Debug: Window::Draw start
Debug: Window::Draw end
Debug: Start of frame 3031
Debug: Window::Draw start
Debug: Window::Draw end
Debug: Start of frame 3032
Debug: Window::Draw start
Debug: Window::Draw end
Debug: Start of frame 3033
Debug: Window::Draw start
Debug: Window::Draw end
Debug: Start of frame 3034
Debug: Window::Draw start
Debug: Window::Draw end
Debug: Start of frame 3035
Debug: Window::Draw start
Debug: Window::Draw end
Debug: Start of frame 3036
Debug: Window::Draw start
Debug: Window::Draw end
Debug: Start of frame 3037
Debug: Window::Draw start
Debug: Window::Draw end
Debug: Start of frame 3038
Debug: Window::Draw start
Debug: Window::Draw end
Debug: Start of frame 3039
Debug: Window::Draw start
Debug: Window::Draw end
Debug: Start of frame 3040
Debug: Window::Draw start
Debug: Window::Draw end
Debug: Start of frame 3041
Debug: Window::Draw start
Debug: Window::Draw end
Debug: Start of frame 3042
Debug: Window::Draw start
Debug: Window::Draw end
Debug: Start of frame 3043
Debug: Window::Draw start
Debug: Window::Draw end
Debug: Start of frame 3044
Debug: Window::Draw start
Debug: Window::Draw end
Debug: Start of frame 3045
Debug: Window::Draw start
Debug: Window::Draw end
Debug: Start of frame 3046
Debug: Window::Draw start
Debug: Window::Draw end
Debug: Start of frame 3047
Debug: Window::Draw start
Debug: Window::Draw end
Debug: Start of frame 3048
Debug: Window::Draw start
Debug: Window::Draw end
Debug: Start of frame 3049
Debug: Window::Draw start
Debug: Window::Draw end
Debug: Start of frame 3050
Debug: Window::Draw start
Debug: Window::Draw end
Debug: Start of frame 3051
Debug: Window::Draw start
Debug: Window::Draw end
Debug: Start of frame 3052
Debug: Window::Draw start
Debug: Window::Draw end
Debug: Start of frame 3053
Debug: Window::Draw start
Debug: Window::Draw end
Debug: Start of frame 3054
Debug: Window::Draw start
Debug: Window::Draw end
Debug: Start of frame 3055
Debug: Window::Draw start
Debug: Window::Draw end
Debug: Start of frame 3056
Debug: Window::Draw start
Debug: Window::Draw end
Debug: Start of frame 3057
Debug: Window::Draw start
Debug: Window::Draw end
Debug: Start of frame 3058
Debug: Window::Draw start
Debug: Window::Draw end
Debug: Start of frame 3059
Debug: Window::Draw start
Debug: Window::Draw end
Debug: Start of frame 3060
Debug: Window::Draw start
Debug: Window::Draw end
Debug: Start of frame 3061
Debug: Window::Draw start
Debug: Window::Draw end
Debug: Start of frame 3062
Debug: Window::Draw start
Debug: Window::Draw end
Debug: Start of frame 3063
Debug: Window::Draw start
Debug: Window::Draw end
Debug: Start of frame 3064
Debug: Window::Draw start
Debug: Window::Draw end
Debug: Start of frame 3065
Debug: Window::Draw start
Debug: Window::Draw end
Debug: Start of frame 3066
Debug: Window::Draw start
Debug: Window::Draw end
Debug: Start of frame 3067
Debug: Window::Draw start
Debug: Window::Draw end
Debug: Start of frame 3068
Debug: Window::Draw start
Debug: Window::Draw end
Debug: Start of frame 3069
Debug: Window::Draw start
Debug: Window::Draw end
Debug: Start of frame 3070
Debug: Window::Draw start
Debug: Window::Draw end
Debug: Start of frame 3071
Debug: Window::Draw start
Debug: Window::Draw end
Debug: Start of frame 3072
Debug: Window::Draw start
Debug: Window::Draw end
Debug: Start of frame 3073
Debug: Window::Draw start
Debug: Window::Draw end
Debug: Start of frame 3074
Debug: Window::Draw start
Debug: Window::Draw end
Debug: Start of frame 3075
Debug: Window::Draw start
Debug: Window::Draw end
Debug: Start of frame 3076
Debug: Window::Draw start
Debug: Window::Draw end
Debug: Start of frame 3077
Debug: Window::Draw start
Debug: Window::Draw end
Debug: Start of frame 3078
Debug: Window::Draw start
Debug: Window::Draw end
Debug: Start of frame 3079
Debug: Window::Draw start
Debug: Window::Draw end
Debug: Start of frame 3080
Debug: Window::Draw start
Debug: Window::Draw end
Debug: Start of frame 3081
Debug: Window::Draw start
Debug: Window::Draw end
Debug: Start of frame 3082
Debug: Window::Draw start
Debug: Window::Draw end
Debug: Start of frame 3083
Debug: Window::Draw start
Debug: Window::Draw end
Debug: Start of frame 3084
Debug: Window::Draw start
Debug: Window::Draw end
Debug: Start of frame 3085
Debug: Window::Draw start
Debug: Window::Draw end
Debug: Start of frame 3086
Debug: Window::Draw start
Debug: Window::Draw end
Debug: Start of frame 3087
Debug: Window::Draw start
Debug: Window::Draw end
Debug: Start of frame 3088
Debug: Window::Draw start
Debug: Window::Draw end
Debug: Start of frame 3089
Debug: Window::Draw start
Debug: Window::Draw end
Debug: Start of frame 3090
Debug: Window::Draw start
Debug: Window::Draw end
Debug: Start of frame 3091
Debug: Window::Draw start
Debug: Window::Draw end
Debug: Start of frame 3092
Debug: Window::Draw start
Debug: Window::Draw end
Debug: Start of frame 3093
Debug: Window::Draw start
Debug: Window::Draw end
Debug: Start of frame 3094
Debug: Window::Draw start
Debug: Window::Draw end
Debug: Start of frame 3095
Debug: Window::Draw start
Debug: Window::Draw end
Debug: Start of frame 3096
Debug: Window::Draw start
Debug: Window::Draw end
Debug: Start of frame 3097
Debug: Window::Draw start
Debug: Window::Draw end
Debug: Start of frame 3098
Debug: Window::Draw start
Debug: Window::Draw end
Debug: Start of frame 3099
Debug: Window::Draw start
Debug: Window::Draw end
Debug: Start of frame 3100
Debug: Window::Draw start
Debug: Window::Draw end
Debug: Start of frame 3101
Debug: Window::Draw start
Debug: Window::Draw end
Debug: Start of frame 3102
Debug: Window::Draw start
Debug: Window::Draw end
Debug: Start of frame 3103
Debug: Window::Draw start
Debug: Window::Draw end
Debug: Start of frame 3104
Debug: Window::Draw start
Debug: Window::Draw end
Debug: Start of frame 3105
Debug: Window::Draw start
Debug: Window::Draw end
Debug: Start of frame 3106
Debug: Window::Draw start
Debug: Window::Draw end
Debug: Start of frame 3107
Debug: Window::Draw start
Debug: Window::Draw end
Debug: Start of frame 3108
Debug: Window::Draw start
Debug: Window::Draw end
Debug: Start of frame 3109
Debug: Window::Draw start
Debug: Window::Draw end
Debug: Start of frame 3110
Debug: Window::Draw start
Debug: Window::Draw end
Debug: Start of frame 3111
Debug: Window::Draw start
Debug: Window::Draw end
Debug: Start of frame 3112
Debug: Window::Draw start
Debug: Window::Draw end
Debug: Start of frame 3113
Debug: Window::Draw start
Debug: Window::Draw end
Debug: Start of frame 3114
Debug: Window::Draw start
Debug: Window::Draw end
Debug: Start of frame 3115
Debug: Window::Draw start
Debug: Window::Draw end
Debug: Start of frame 3116
Debug: Window::Draw start
Debug: Window::Draw end
Debug: Start of frame 3117
Debug: Window::Draw start
Debug: Window::Draw end
Debug: Start of frame 3118
Debug: Window::Draw start
Debug: Window::Draw end
Debug: Start of frame 3119
Debug: Window::Draw start
Debug: Window::Draw end
Debug: Start of frame 3120
Debug: Window::Draw start
Debug: Window::Draw end
Debug: Start of frame 3121
Debug: Window::Draw start
Debug: Window::Draw end
Debug: Start of frame 3122
Debug: Window::Draw start
Debug: Window::Draw end
Debug: Start of frame 3123
Debug: Window::Draw start
Debug: Window::Draw end
Debug: Start of frame 3124
Debug: Window::Draw start
Debug: Window::Draw end
Debug: Start of frame 3125
Debug: Window::Draw start
Debug: Window::Draw end
Debug: Start of frame 3126
Debug: Window::Draw start
Debug: Window::Draw end
Debug: Start of frame 3127
Debug: Window::Draw start
Debug: Window::Draw end
Debug: Start of frame 3128
Debug: Window::Draw start
Debug: Window::Draw end
Debug: Start of frame 3129
Debug: Window::Draw start
Debug: Window::Draw end
Debug: Start of frame 3130
Debug: Window::Draw start
Debug: Window::Draw end
Debug: Start of frame 3131
Debug: Window::Draw start
Debug: Window::Draw end
Debug: Start of frame 3132
Debug: Window::Draw start
Debug: Window::Draw end
Debug: Start of frame 3133
Debug: Window::Draw start
Debug: Window::Draw end
Debug: Start of frame 3134
Debug: Window::Draw start
Debug: Window::Draw end
Debug: Start of frame 3135
Debug: Window::Draw start
Debug: Window::Draw end
Debug: Start of frame 3136
Debug: Window::Draw start
Debug: Window::Draw end
Debug: Start of frame 3137
Debug: Window::Draw start
Debug: Window::Draw end
Debug: Start of frame 3138
Debug: Window::Draw start
Debug: Window::Draw end
Debug: Start of frame 3139
Debug: Window::Draw start
Debug: Window::Draw end
Debug: Start of frame 3140
Debug: Window::Draw start
Debug: Window::Draw end
Debug: Start of frame 3141
Debug: Window::Draw start
Debug: Window::Draw end
Debug: Start of frame 3142
Debug: Window::Draw start
Debug: Window::Draw end
Debug: Start of frame 3143
Debug: Window::Draw start
Debug: Window::Draw end
Debug: Start of frame 3144
Debug: Window::Draw start
Debug: Window::Draw end
Debug: Start of frame 3145
Debug: Window::Draw start
Debug: Window::Draw end
Debug: Start of frame 3146
Debug: Window::Draw start
Debug: Window::Draw end
Debug: Start of frame 3147
Debug: Window::Draw start
Debug: Window::Draw end
Debug: Start of frame 3148
Debug: Window::Draw start
Debug: Window::Draw end
Debug: Start of frame 3149
Debug: Window::Draw start
Debug: Window::Draw end
Debug: Start of frame 3150
Debug: Window::Draw start
Debug: Window::Draw end
Debug: Start of frame 3151
Debug: Window::Draw start
Debug: Window::Draw end
Debug: Start of frame 3152
Debug: Window::Draw start
Debug: Window::Draw end
Debug: Start of frame 3153
Debug: Window::Draw start
Debug: Window::Draw end
Debug: Start of frame 3154
Debug: Window::Draw start
Debug: Window::Draw end
Debug: Start of frame 3155
Debug: Window::Draw start
Debug: Window::Draw end
Debug: Start of frame 3156
Debug: Window::Draw start
Debug: Window::Draw end
Debug: Start of frame 3157
Debug: Window::Draw start
Debug: Window::Draw end
Debug: Start of frame 3158
Debug: Window::Draw start
Debug: Window::Draw end
Debug: Start of frame 3159
Debug: Window::Draw start
Debug: Window::Draw end
Debug: Start of frame 3160
Debug: Window::Draw start
Debug: Window::Draw end
Debug: Start of frame 3161
Debug: Window::Draw start
Debug: Window::Draw end
Debug: Start of frame 3162
Debug: Window::Draw start
Debug: Window::Draw end
Debug: Start of frame 3163
Debug: Window::Draw start
Debug: Window::Draw end
Debug: Start of frame 3164
Debug: Window::Draw start
Debug: Window::Draw end
Debug: Start of frame 3165
Debug: Window::Draw start
Debug: Window::Draw end
Debug: Start of frame 3166
Debug: Window::Draw start
Debug: Window::Draw end
Debug: Start of frame 3167
Debug: Window::Draw start
Debug: Window::Draw end
Debug: Start of frame 3168
Debug: Window::Draw start
Debug: Window::Draw end
Debug: Start of frame 3169
Debug: Window::Draw start
Debug: Window::Draw end
Debug: Start of frame 3170
Debug: Window::Draw start
Debug: Window::Draw end
Debug: Start of frame 3171
Debug: Window::Draw start
Debug: Window::Draw end
Debug: Start of frame 3172
Debug: Window::Draw start
Debug: Window::Draw end
Debug: Start of frame 3173
Debug: Window::Draw start
Debug: Window::Draw end
Debug: Start of frame 3174
Debug: Window::Draw start
Debug: Window::Draw end
Debug: Start of frame 3175
Debug: Window::Draw start
Debug: Window::Draw end
Debug: Start of frame 3176
Debug: Window::Draw start
Debug: Window::Draw end
Debug: Start of frame 3177
Debug: Window::Draw start
Debug: Window::Draw end
Debug: Start of frame 3178
Debug: Window::Draw start
Debug: Window::Draw end
Debug: Start of frame 3179
Debug: Window::Draw start
Debug: Window::Draw end
Debug: Start of frame 3180
Debug: Window::Draw start
Debug: Window::Draw end
Debug: Start of frame 3181
Debug: Window::Draw start
Debug: Window::Draw end
Debug: Start of frame 3182
Debug: Window::Draw start
Debug: Window::Draw end
Debug: Start of frame 3183
Debug: Window::Draw start
Debug: Window::Draw end
Debug: Start of frame 3184
Debug: Window::Draw start
Debug: Window::Draw end
Debug: Start of frame 3185
Debug: Window::Draw start
Debug: Window::Draw end
Debug: Start of frame 3186
Debug: Window::Draw start
Debug: Window::Draw end
Debug: Start of frame 3187
Debug: Window::Draw start
Debug: Window::Draw end
Debug: Start of frame 3188
Debug: Window::Draw start
Debug: Window::Draw end
Debug: Start of frame 3189
Debug: Window::Draw start
Debug: Window::Draw end
Debug: Start of frame 3190
Debug: Window::Draw start
Debug: Window::Draw end
Debug: Start of frame 3191
Debug: Window::Draw start
Debug: Window::Draw end
Debug: Start of frame 3192
Debug: Window::Draw start
Debug: Window::Draw end
Debug: Start of frame 3193
Debug: Window::Draw start
Debug: Window::Draw end
Debug: Start of frame 3194
Debug: Window::Draw start
Debug: Window::Draw end
Debug: Start of frame 3195
Debug: Window::Draw start
Debug: Window::Draw end
Debug: Start of frame 3196
Debug: Window::Draw start
Debug: Window::Draw end
Debug: Start of frame 3197
Debug: Window::Draw start
Debug: Window::Draw end
Debug: Start of frame 3198
Debug: Window::Draw start
Debug: Window::Draw end
Debug: Start of frame 3199
Debug: Window::Draw start
Debug: Window::Draw end
Debug: Start of frame 3200
Debug: Window::Draw start
Debug: Window::Draw end
Debug: Start of frame 3201
Debug: Window::Draw start
Debug: Window::Draw end
Debug: Start of frame 3202
Debug: Window::Draw start
Debug: Window::Draw end
Debug: Start of frame 3203
Debug: Window::Draw start
Debug: Window::Draw end
Debug: Start of frame 3204
Debug: Window::Draw start
Debug: Window::Draw end
Debug: Start of frame 3205
Debug: Window::Draw start
Debug: Window::Draw end
Debug: Start of frame 3206
Debug: Window::Draw start
Debug: Window::Draw end
Debug: Start of frame 3207
Debug: Window::Draw start
Debug: Window::Draw end
Debug: Start of frame 3208
Debug: Window::Draw start
Debug: Window::Draw end
Debug: Start of frame 3209
Debug: Window::Draw start
Debug: Window::Draw end
Debug: Start of frame 3210
Debug: Window::Draw start
Debug: Window::Draw end
Debug: Start of frame 3211
Debug: Window::Draw start
Debug: Window::Draw end
Debug: Start of frame 3212
Debug: Window::Draw start
Debug: Window::Draw end
Debug: Start of frame 3213
Debug: Window::Draw start
Debug: Window::Draw end
Debug: Start of frame 3214
Debug: Window::Draw start
Debug: Window::Draw end
Debug: Start of frame 3215
Debug: Window::Draw start
Debug: Window::Draw end
Debug: Start of frame 3216
Debug: Window::Draw start
Debug: Window::Draw end
Debug: Start of frame 3217
Debug: Window::Draw start
Debug: Window::Draw end
Debug: Start of frame 3218
Debug: Window::Draw start
Debug: Window::Draw end
Debug: Start of frame 3219
Debug: Window::Draw start
Debug: Window::Draw end
Debug: Start of frame 3220
Debug: Window::Draw start
Debug: Window::Draw end
Debug: Start of frame 3221
Debug: Window::Draw start
Debug: Window::Draw end
Debug: Start of frame 3222
Debug: Window::Draw start
Debug: Window::Draw end
Debug: Start of frame 3223
Debug: Window::Draw start
Debug: Window::Draw end
Debug: Start of frame 3224
Debug: Window::Draw start
Debug: Window::Draw end
Debug: Start of frame 3225
Debug: Window::Draw start
Debug: Window::Draw end
Debug: Start of frame 3226
Debug: Window::Draw start
Debug: Window::Draw end
Debug: Start of frame 3227
Debug: Window::Draw start
Debug: Window::Draw end
Debug: Start of frame 3228
Debug: Window::Draw start
Debug: Window::Draw end
Debug: Start of frame 3229
Debug: Window::Draw start
Debug: Window::Draw end
Debug: Start of frame 3230
Debug: Window::Draw start
Debug: Window::Draw end
Debug: Start of frame 3231
Debug: Window::Draw start
Debug: Window::Draw end
Debug: Start of frame 3232
Debug: Window::Draw start
Debug: Window::Draw end
Debug: Start of frame 3233
Debug: Window::Draw start
Debug: Window::Draw end
Debug: Start of frame 3234
Debug: Window::Draw start
Debug: Window::Draw end
Debug: Start of frame 3235
Debug: Window::Draw start
Debug: Window::Draw end
Debug: Start of frame 3236
Debug: Window::Draw start
Debug: Window::Draw end
Debug: Start of frame 3237
Debug: Window::Draw start
Debug: Window::Draw end
Debug: Start of frame 3238
Debug: Window::Draw start
Debug: Window::Draw end
Debug: Start of frame 3239
Debug: Window::Draw start
Debug: Window::Draw end
Debug: Start of frame 3240
Debug: Window::Draw start
Debug: Window::Draw end
Debug: Start of frame 3241
Debug: Window::Draw start
Debug: Window::Draw end
Debug: Start of frame 3242
Debug: Window::Draw start
Debug: Window::Draw end
Debug: Start of frame 3243
Debug: Window::Draw start
Debug: Window::Draw end
Debug: Start of frame 3244
Debug: Window::Draw start
Debug: Window::Draw end
Debug: Start of frame 3245
Debug: Window::Draw start
Debug: Window::Draw end
Debug: Start of frame 3246
Debug: Window::Draw start
Debug: Window::Draw end
Debug: Start of frame 3247
Debug: Window::Draw start
Debug: Window::Draw end
Debug: Start of frame 3248
Debug: Window::Draw start
Debug: Window::Draw end
Debug: Start of frame 3249
Debug: Window::Draw start
Debug: Window::Draw end
Debug: Start of frame 3250
Debug: Window::Draw start
Debug: Window::Draw end
Debug: Start of frame 3251
Debug: Window::Draw start
Debug: Window::Draw end
Debug: Start of frame 3252
Debug: Window::Draw start
Debug: Window::Draw end
Debug: Start of frame 3253
Debug: Window::Draw start
Debug: Window::Draw end
Debug: Start of frame 3254
Debug: Window::Draw start
Debug: Window::Draw end
Debug: Start of frame 3255
Debug: Window::Draw start
Debug: Window::Draw end
Debug: Start of frame 3256
Debug: Window::Draw start
Debug: Window::Draw end
Debug: Start of frame 3257
Debug: Window::Draw start
Debug: Window::Draw end
Debug: Start of frame 3258
Debug: Window::Draw start
Debug: Window::Draw end
Debug: Start of frame 3259
Debug: Window::Draw start
Debug: Window::Draw end
Debug: Start of frame 3260
Debug: Window::Draw start
Debug: Window::Draw end
Debug: Start of frame 3261
Debug: Window::Draw start
Debug: Window::Draw end
Debug: Start of frame 3262
Debug: Window::Draw start
Debug: Window::Draw end
Debug: Start of frame 3263
Debug: Window::Draw start
Debug: Window::Draw end
Debug: Start of frame 3264
Debug: Window::Draw start
Debug: Window::Draw end
Debug: Start of frame 3265
Debug: Window::Draw start
Debug: Window::Draw end
Debug: Start of frame 3266
Debug: Window::Draw start
Debug: Window::Draw end
Debug: Start of frame 3267
Debug: Window::Draw start
Debug: Window::Draw end
Debug: Start of frame 3268
Debug: Window::Draw start
Debug: Window::Draw end
Debug: Start of frame 3269
Debug: Window::Draw start
Debug: Window::Draw end
Debug: Start of frame 3270
Debug: Window::Draw start
Debug: Window::Draw end
Debug: Start of frame 3271
Debug: Window::Draw start
Debug: Window::Draw end
Debug: Start of frame 3272
Debug: Window::Draw start
Debug: Window::Draw end
Debug: Start of frame 3273
Debug: Window::Draw start
Debug: Window::Draw end
Debug: Start of frame 3274
Debug: Window::Draw start
Debug: Window::Draw end
Debug: Start of frame 3275
Debug: Window::Draw start
Debug: Window::Draw end
Debug: Start of frame 3276
Debug: Window::Draw start
Debug: Window::Draw end
Debug: Start of frame 3277
Debug: Window::Draw start
Debug: Window::Draw end
Debug: Start of frame 3278
Debug: Window::Draw start
Debug: Window::Draw end
Debug: Start of frame 3279
Debug: Window::Draw start
Debug: Window::Draw end
Debug: Start of frame 3280
Debug: Window::Draw start
Debug: Window::Draw end
Debug: Start of frame 3281
Debug: Window::Draw start
Debug: Window::Draw end
Debug: Start of frame 3282
Debug: Window::Draw start
Debug: Window::Draw end
Debug: Start of frame 3283
Debug: Window::Draw start
Debug: Window::Draw end
Debug: Start of frame 3284
Debug: Window::Draw start
Debug: Window::Draw end
Debug: Start of frame 3285
Debug: Window::Draw start
Debug: Window::Draw end
Debug: Start of frame 3286
Debug: Window::Draw start
Debug: Window::Draw end
Debug: Start of frame 3287
Debug: Window::Draw start
Debug: Window::Draw end
Debug: Start of frame 3288
Debug: Window::Draw start
Debug: Window::Draw end
Debug: Start of frame 3289
Debug: Window::Draw start
Debug: Window::Draw end
Debug: Start of frame 3290
Debug: Window::Draw start
Debug: Window::Draw end
Debug: Start of frame 3291
Debug: Window::Draw start
Debug: Window::Draw end
Debug: Start of frame 3292
Debug: Window::Draw start
Debug: Window::Draw end
Debug: Start of frame 3293
Debug: Window::Draw start
Debug: Window::Draw end
Debug: Start of frame 3294
Debug: Window::Draw start
Debug: Window::Draw end
Debug: Start of frame 3295
Debug: Window::Draw start
Debug: Window::Draw end
Debug: Start of frame 3296
Debug: Window::Draw start
Debug: Window::Draw end
Debug: Start of frame 3297
Debug: Window::Draw start
Debug: Window::Draw end
Debug: Start of frame 3298
Debug: Window::Draw start
Debug: Window::Draw end
Debug: Start of frame 3299
Debug: Window::Draw start
Debug: Window::Draw end
Debug: Start of frame 3300
Debug: Window::Draw start
Debug: Window::Draw end
Debug: Start of frame 3301
Debug: Window::Draw start
Debug: Window::Draw end
Debug: Start of frame 3302
Debug: Window::Draw start
Debug: Window::Draw end
Debug: Start of frame 3303
Debug: Window::Draw start
Debug: Window::Draw end
Debug: Start of frame 3304
Debug: Window::Draw start
Debug: Window::Draw end
Debug: Start of frame 3305
Debug: Window::Draw start
Debug: Window::Draw end
Debug: Start of frame 3306
Debug: Window::Draw start
Debug: Window::Draw end
Debug: Start of frame 3307
Debug: Window::Draw start
Debug: Window::Draw end
Debug: Start of frame 3308
Debug: Window::Draw start
Debug: Window::Draw end
Debug: Start of frame 3309
Debug: Window::Draw start
Debug: Window::Draw end
Debug: Start of frame 3310
Debug: Window::Draw start
Debug: Window::Draw end
Debug: Start of frame 3311
Debug: Window::Draw start
Debug: Window::Draw end
Debug: Start of frame 3312
Debug: Window::Draw start
Debug: Window::Draw end
Debug: Start of frame 3313
Debug: Window::Draw start
Debug: Window::Draw end
Debug: Start of frame 3314
Debug: Window::Draw start
Debug: Window::Draw end
Debug: Start of frame 3315
Debug: Window::Draw start
Debug: Window::Draw end
Debug: Start of frame 3316
Debug: Window::Draw start
Debug: Window::Draw end
Debug: Start of frame 3317
Debug: Window::Draw start
Debug: Window::Draw end
Debug: Start of frame 3318
Debug: Window::Draw start
Debug: Window::Draw end
Debug: Start of frame 3319
Debug: Window::Draw start
Debug: Window::Draw end
Debug: Start of frame 3320
Debug: Window::Draw start
Debug: Window::Draw end
Debug: Start of frame 3321
Debug: Window::Draw start
Debug: Window::Draw end
Debug: Start of frame 3322
Debug: Window::Draw start
Debug: Window::Draw end
Debug: Start of frame 3323
Debug: Window::Draw start
Debug: Window::Draw end
Debug: Start of frame 3324
Debug: Window::Draw start
Debug: Window::Draw end
Debug: Start of frame 3325
Debug: Window::Draw start
Debug: Window::Draw end
Debug: Start of frame 3326
Debug: Window::Draw start
Debug: Window::Draw end
Debug: Start of frame 3327
Debug: Window::Draw start
Debug: Window::Draw end
Debug: Start of frame 3328
Debug: Window::Draw start
Debug: Window::Draw end
Debug: Start of frame 3329
Debug: Window::Draw start
Debug: Window::Draw end
Debug: Start of frame 3330
Debug: Window::Draw start
Debug: Window::Draw end
Debug: Start of frame 3331
Debug: Window::Draw start
Debug: Window::Draw end
Debug: Start of frame 3332
Debug: Window::Draw start
Debug: Window::Draw end
Debug: Start of frame 3333
Debug: Window::Draw start
Debug: Window::Draw end
Debug: Start of frame 3334
Debug: Window::Draw start
Debug: Window::Draw end
Debug: Start of frame 3335
Debug: Window::Draw start
Debug: Window::Draw end
Debug: Start of frame 3336
Debug: Window::Draw start
Debug: Window::Draw end
Debug: Start of frame 3337
Debug: Window::Draw start
Debug: Window::Draw end
Debug: Start of frame 3338
Debug: Window::Draw start
Debug: Window::Draw end
Debug: Start of frame 3339
Debug: Window::Draw start
Debug: Window::Draw end
Debug: Start of frame 3340
Debug: Window::Draw start
Debug: Window::Draw end
Debug: Start of frame 3341
Debug: Window::Draw start
Debug: Window::Draw end
Debug: Start of frame 3342
Debug: Window::Draw start
Debug: Window::Draw end
Debug: Start of frame 3343
Debug: Window::Draw start
Debug: Window::Draw end
Debug: Start of frame 3344
Debug: Window::Draw start
Debug: Window::Draw end
Debug: Start of frame 3345
Debug: Window::Draw start
Debug: Window::Draw end
Debug: Start of frame 3346
Debug: Window::Draw start
Debug: Window::Draw end
Debug: Start of frame 3347
Debug: Window::Draw start
Debug: Window::Draw end
Debug: Start of frame 3348
Debug: Window::Draw start
Debug: Window::Draw end
Debug: Start of frame 3349
Debug: Window::Draw start
Debug: Window::Draw end
Debug: Start of frame 3350
Debug: Window::Draw start
Debug: Window::Draw end
Debug: Start of frame 3351
Debug: Window::Draw start
Debug: Window::Draw end
Debug: Start of frame 3352
Debug: Window::Draw start
Debug: Window::Draw end
Debug: Start of frame 3353
Debug: Window::Draw start
Debug: Window::Draw end
Debug: Start of frame 3354
Debug: Window::Draw start
Debug: Window::Draw end
Debug: Start of frame 3355
Debug: Window::Draw start
Debug: Window::Draw end
Debug: Start of frame 3356
Debug: Window::Draw start
Debug: Window::Draw end
Debug: Start of frame 3357
Debug: Window::Draw start
Debug: Window::Draw end
Debug: Start of frame 3358
Debug: Window::Draw start
Debug: Window::Draw end
Debug: Start of frame 3359
Debug: Window::Draw start
Debug: Window::Draw end
Debug: Start of frame 3360
Debug: Window::Draw start
Debug: Window::Draw end
Debug: Start of frame 3361
Debug: Window::Draw start
Debug: Window::Draw end
Debug: Start of frame 3362
Debug: Window::Draw start
Debug: Window::Draw end
Debug: Start of frame 3363
Debug: Window::Draw start
Debug: Window::Draw end
Debug: Start of frame 3364
Debug: Window::Draw start
Debug: Window::Draw end
Debug: Start of frame 3365
Debug: Window::Draw start
Debug: Window::Draw end
Debug: Start of frame 3366
Debug: Window::Draw start
Debug: Window::Draw end
Debug: Start of frame 3367
Debug: Window::Draw start
Debug: Window::Draw end
Debug: Start of frame 3368
Debug: Window::Draw start
Debug: Window::Draw end
Debug: Start of frame 3369
Debug: Window::Draw start
Debug: Window::Draw end
Debug: Start of frame 3370
Debug: Window::Draw start
Debug: Window::Draw end
Debug: Start of frame 3371
Debug: Window::Draw start
Debug: Window::Draw end
Debug: Start of frame 3372
Debug: Window::Draw start
Debug: Window::Draw end
Debug: Start of frame 3373
Debug: Window::Draw start
Debug: Window::Draw end
Debug: Start of frame 3374
Debug: Window::Draw start
Debug: Window::Draw end
Debug: Start of frame 3375
Debug: Window::Draw start
Debug: Window::Draw end
Debug: Start of frame 3376
Debug: Window::Draw start
Debug: Window::Draw end
Debug: Start of frame 3377
Debug: Window::Draw start
Debug: Window::Draw end
Debug: Start of frame 3378
Debug: Window::Draw start
Debug: Window::Draw end
Debug: Start of frame 3379
Debug: Window::Draw start
Debug: Window::Draw end
Debug: Start of frame 3380
Debug: Window::Draw start
Debug: Window::Draw end
Debug: Start of frame 3381
Debug: Window::Draw start
Debug: Window::Draw end
Debug: Start of frame 3382
Debug: Window::Draw start
Debug: Window::Draw end
Debug: Start of frame 3383
Debug: Window::Draw start
Debug: Window::Draw end
Debug: Start of frame 3384
Debug: Window::Draw start
Debug: Window::Draw end
Debug: Start of frame 3385
Debug: Window::Draw start
Debug: Window::Draw end
Debug: Start of frame 3386
Debug: Window::Draw start
Debug: Window::Draw end
Debug: Start of frame 3387
Debug: Window::Draw start
Debug: Window::Draw end
Debug: Start of frame 3388
Debug: Window::Draw start
Debug: Window::Draw end
Debug: Start of frame 3389
Debug: Window::Draw start
Debug: Window::Draw end
Debug: Start of frame 3390
Debug: Window::Draw start
Debug: Window::Draw end
Debug: Start of frame 3391
Debug: Window::Draw start
Debug: Window::Draw end
Debug: Start of frame 3392
Debug: Window::Draw start
Debug: Window::Draw end
Debug: Start of frame 3393
Debug: Window::Draw start
Debug: Window::Draw end
Debug: Start of frame 3394
Debug: Window::Draw start
Debug: Window::Draw end
Debug: Start of frame 3395
Debug: Window::Draw start
Debug: Window::Draw end
Debug: Start of frame 3396
Debug: Window::Draw start
Debug: Window::Draw end
Debug: Start of frame 3397
Debug: Window::Draw start
Debug: Window::Draw end
Debug: Start of frame 3398
Debug: Window::Draw start
Debug: Window::Draw end
Debug: Start of frame 3399
Debug: Window::Draw start
Debug: Window::Draw end
Debug: Start of frame 3400
Debug: Window::Draw start
Debug: Window::Draw end
Debug: Start of frame 3401
Debug: Window::Draw start
Debug: Window::Draw end
Debug: Start of frame 3402
Debug: Window::Draw start
Debug: Window::Draw end
Debug: Start of frame 3403
Debug: Window::Draw start
Debug: Window::Draw end
Debug: Start of frame 3404
Debug: Window::Draw start
Debug: Window::Draw end
Debug: Start of frame 3405
Debug: Window::Draw start
Debug: Window::Draw end
Debug: Start of frame 3406
Debug: Window::Draw start
Debug: Window::Draw end
Debug: Start of frame 3407
Debug: Window::Draw start
Debug: Window::Draw end
Debug: Start of frame 3408
Debug: Window::Draw start
Debug: Window::Draw end
Debug: Start of frame 3409
Debug: Window::Draw start
Debug: Window::Draw end
Debug: Start of frame 3410
Debug: Window::Draw start
Debug: Window::Draw end
Debug: Start of frame 3411
Debug: Window::Draw start
Debug: Window::Draw end
Debug: Start of frame 3412
Debug: Window::Draw start
Debug: Window::Draw end
Debug: Start of frame 3413
Debug: Window::Draw start
Debug: Window::Draw end
Debug: Start of frame 3414
Debug: Window::Draw start
Debug: Window::Draw end
Debug: Start of frame 3415
Debug: Window::Draw start
Debug: Window::Draw end
Debug: Start of frame 3416
Debug: Window::Draw start
Debug: Window::Draw end
Debug: Start of frame 3417
Debug: Window::Draw start
Debug: Window::Draw end
Debug: Start of frame 3418
Debug: Window::Draw start
Debug: Window::Draw end
Debug: Start of frame 3419
Debug: Window::Draw start
Debug: Window::Draw end
Debug: Start of frame 3420
Debug: Window::Draw start
Debug: Window::Draw end
Debug: Start of frame 3421
Debug: Window::Draw start
Debug: Window::Draw end
Debug: Start of frame 3422
Debug: Window::Draw start
Debug: Window::Draw end
Debug: Start of frame 3423
Debug: Window::Draw start
Debug: Window::Draw end
Debug: Start of frame 3424
Debug: Window::Draw start
Debug: Window::Draw end
Debug: Start of frame 3425
Debug: Window::Draw start
Debug: Window::Draw end
Debug: Start of frame 3426
Debug: Window::Draw start
Debug: Window::Draw end
Debug: Start of frame 3427
Debug: Window::Draw start
Debug: Window::Draw end
Debug: Start of frame 3428
Debug: Window::Draw start
Debug: Window::Draw end
Debug: Start of frame 3429
Debug: Window::Draw start
Debug: Window::Draw end
Debug: Start of frame 3430
Debug: Window::Draw start
Debug: Window::Draw end
Debug: Start of frame 3431
Debug: Window::Draw start
Debug: Window::Draw end
Debug: Start of frame 3432
Debug: Window::Draw start
Debug: Window::Draw end
Debug: Start of frame 3433
Debug: Window::Draw start
Debug: Window::Draw end
Debug: Start of frame 3434
Debug: Window::Draw start
Debug: Window::Draw end
Debug: Start of frame 3435
Debug: Window::Draw start
Debug: Window::Draw end
Debug: Start of frame 3436
Debug: Window::Draw start
Debug: Window::Draw end
Debug: Start of frame 3437
Debug: Window::Draw start
Debug: Window::Draw end
Debug: Start of frame 3438
Debug: Window::Draw start
Debug: Window::Draw end
Debug: Start of frame 3439
Debug: Window::Draw start
Debug: Window::Draw end
Debug: Start of frame 3440
Debug: Window::Draw start
Debug: Window::Draw end
Debug: Start of frame 3441
Debug: Window::Draw start
Debug: Window::Draw end
Debug: Start of frame 3442
Debug: Window::Draw start
Debug: Window::Draw end
Debug: Start of frame 3443
Debug: Window::Draw start
Debug: Window::Draw end
Debug: Start of frame 3444
Debug: Window::Draw start
Debug: Window::Draw end
Debug: Start of frame 3445
Debug: Window::Draw start
Debug: Window::Draw end
Debug: Start of frame 3446
Debug: Window::Draw start
Debug: Window::Draw end
Debug: Start of frame 3447
Debug: Window::Draw start
Debug: Window::Draw end
Debug: Start of frame 3448
Debug: Window::Draw start
Debug: Window::Draw end
Debug: Start of frame 3449
Debug: Window::Draw start
Debug: Window::Draw end
Debug: Start of frame 3450
Debug: Window::Draw start
Debug: Window::Draw end
Debug: Start of frame 3451
Debug: Window::Draw start
Debug: Window::Draw end
Debug: Start of frame 3452
Debug: Window::Draw start
Debug: Window::Draw end
Debug: Start of frame 3453
Debug: Window::Draw start
Debug: Window::Draw end
Debug: Start of frame 3454
Debug: Window::Draw start
Debug: Window::Draw end
Debug: Start of frame 3455
Debug: Window::Draw start
Debug: Window::Draw end
Debug: Start of frame 3456
Debug: Window::Draw start
Debug: Window::Draw end
Debug: Start of frame 3457
Debug: Window::Draw start
Debug: Window::Draw end
Debug: Start of frame 3458
Debug: Window::Draw start
Debug: Window::Draw end
Debug: Start of frame 3459
Debug: Window::Draw start
Debug: Window::Draw end
Debug: Start of frame 3460
Debug: Window::Draw start
Debug: Window::Draw end
Debug: Start of frame 3461
Debug: Window::Draw start
Debug: Window::Draw end
Debug: Start of frame 3462
Debug: Window::Draw start
Debug: Window::Draw end
Debug: Start of frame 3463
Debug: Window::Draw start
Debug: Window::Draw end
Debug: Start of frame 3464
Debug: Window::Draw start
Debug: Window::Draw end
Debug: Start of frame 3465
Debug: Window::Draw start
Debug: Window::Draw end
Debug: Start of frame 3466
Debug: Window::Draw start
Debug: Window::Draw end
Debug: Start of frame 3467
Debug: Window::Draw start
Debug: Window::Draw end
Debug: Start of frame 3468
Debug: Window::Draw start
Debug: Window::Draw end
Debug: Start of frame 3469
Debug: Window::Draw start
Debug: Window::Draw end
Debug: Start of frame 3470
Debug: Window::Draw start
Debug: Window::Draw end
Debug: Start of frame 3471
Debug: Window::Draw start
Debug: Window::Draw end
Debug: Start of frame 3472
Debug: Window::Draw start
Debug: Window::Draw end
Debug: Start of frame 3473
Debug: Window::Draw start
Debug: Window::Draw end
Debug: Start of frame 3474
Debug: Window::Draw start
Debug: Window::Draw end
Debug: Start of frame 3475
Debug: Window::Draw start
Debug: Window::Draw end
Debug: Start of frame 3476
Debug: Window::Draw start
Debug: Window::Draw end
Debug: Start of frame 3477
Debug: Window::Draw start
Debug: Window::Draw end
Debug: Start of frame 3478
Debug: Window::Draw start
Debug: Window::Draw end
Debug: Start of frame 3479
Debug: Window::Draw start
Debug: Window::Draw end
Debug: Start of frame 3480
Debug: Window::Draw start
Debug: Window::Draw end
Debug: Start of frame 3481
Debug: Window::Draw start
Debug: Window::Draw end
Debug: Start of frame 3482
Debug: Window::Draw start
Debug: Window::Draw end
Debug: Start of frame 3483
Debug: Window::Draw start
Debug: Window::Draw end
Debug: Start of frame 3484
Debug: Window::Draw start
Debug: Window::Draw end
Debug: Start of frame 3485
Debug: Window::Draw start
Debug: Window::Draw end
Debug: Start of frame 3486
Debug: Window::Draw start
Debug: Window::Draw end
Debug: Start of frame 3487
Debug: Window::Draw start
Debug: Window::Draw end
Debug: Start of frame 3488
Debug: Window::Draw start
Debug: Window::Draw end
Debug: Start of frame 3489
Debug: Window::Draw start
Debug: Window::Draw end
Debug: Start of frame 3490
Debug: Window::Draw start
Debug: Window::Draw end
Debug: Start of frame 3491
Debug: Window::Draw start
Debug: Window::Draw end
Debug: Start of frame 3492
Debug: Window::Draw start
Debug: Window::Draw end
Debug: Start of frame 3493
Debug: Window::Draw start
Debug: Window::Draw end
Debug: Start of frame 3494
Debug: Window::Draw start
Debug: Window::Draw end
Debug: Start of frame 3495
Debug: Window::Draw start
Debug: Window::Draw end
Debug: Start of frame 3496
Debug: Window::Draw start
Debug: Window::Draw end
Debug: Start of frame 3497
Debug: Window::Draw start
Debug: Window::Draw end
Debug: Start of frame 3498
Debug: Window::Draw start
Debug: Window::Draw end
Debug: Start of frame 3499
Debug: Window::Draw start
Debug: Window::Draw end
Debug: Start of frame 3500
Debug: Window::Draw start
Debug: Window::Draw end
Debug: Start of frame 3501
Debug: Window::Draw start
Debug: Window::Draw end
Debug: Start of frame 3502
Debug: Window::Draw start
Debug: Window::Draw end
Debug: Start of frame 3503
Debug: Window::Draw start
Debug: Window::Draw end
Debug: Start of frame 3504
Debug: Window::Draw start
Debug: Window::Draw end
Debug: Start of frame 3505
Debug: Window::Draw start
Debug: Window::Draw end
Debug: Start of frame 3506
Debug: Window::Draw start
Debug: Window::Draw end
Debug: Start of frame 3507
Debug: Window::Draw start
Debug: Window::Draw end
Debug: Start of frame 3508
Debug: Window::Draw start
Debug: Window::Draw end
Debug: Start of frame 3509
Debug: Window::Draw start
Debug: Window::Draw end
Debug: Start of frame 3510
Debug: Window::Draw start
Debug: Window::Draw end
Debug: Start of frame 3511
Debug: Window::Draw start
Debug: Window::Draw end
Debug: Start of frame 3512
Debug: Window::Draw start
Debug: Window::Draw end
Debug: Start of frame 3513
Debug: Window::Draw start
Debug: Window::Draw end
Debug: Start of frame 3514
Debug: Window::Draw start
Debug: Window::Draw end
Debug: Start of frame 3515
Debug: Window::Draw start
Debug: Window::Draw end
Debug: Start of frame 3516
Debug: Window::Draw start
Debug: Window::Draw end
Debug: Start of frame 3517
Debug: Window::Draw start
Debug: Window::Draw end
Debug: Start of frame 3518
Debug: Window::Draw start
Debug: Window::Draw end
Debug: Start of frame 3519
Debug: Window::Draw start
Debug: Window::Draw end
Debug: Start of frame 3520
Debug: Window::Draw start
Debug: Window::Draw end
Debug: Start of frame 3521
Debug: Window::Draw start
Debug: Window::Draw end
Debug: Start of frame 3522
Debug: Window::Draw start
Debug: Window::Draw end
Debug: Start of frame 3523
Debug: Window::Draw start
Debug: Window::Draw end
Debug: Start of frame 3524
Debug: Window::Draw start
Debug: Window::Draw end
Debug: Start of frame 3525
Debug: Window::Draw start
Debug: Window::Draw end
Debug: Start of frame 3526
Debug: Window::Draw start
Debug: Window::Draw end
Debug: Start of frame 3527
Debug: Window::Draw start
Debug: Window::Draw end
Debug: Start of frame 3528
Debug: Window::Draw start
Debug: Window::Draw end
Debug: Start of frame 3529
Debug: Window::Draw start
Debug: Window::Draw end
Debug: Start of frame 3530
Debug: Window::Draw start
Debug: Window::Draw end
Debug: Start of frame 3531
Debug: Window::Draw start
Debug: Window::Draw end
Debug: Start of frame 3532
Debug: Window::Draw start
Debug: Window::Draw end
Debug: Start of frame 3533
Debug: Window::Draw start
Debug: Window::Draw end
Debug: Start of frame 3534
Debug: Window::Draw start
Debug: Window::Draw end
Debug: Start of frame 3535
Debug: Window::Draw start
Debug: Window::Draw end
Debug: Start of frame 3536
Debug: Window::Draw start
Debug: Window::Draw end
Debug: Start of frame 3537
Debug: Window::Draw start
Debug: Window::Draw end
Debug: Start of frame 3538
Debug: Window::Draw start
Debug: Window::Draw end
Debug: Start of frame 3539
Debug: Window::Draw start
Debug: Window::Draw end
Debug: Start of frame 3540
Debug: Window::Draw start
Debug: Window::Draw end
Debug: Start of frame 3541
Debug: Window::Draw start
Debug: Window::Draw end
Debug: Start of frame 3542
Debug: Window::Draw start
Debug: Window::Draw end
Debug: Start of frame 3543
Debug: Window::Draw start
Debug: Window::Draw end
Debug: Start of frame 3544
Debug: Window::Draw start
Debug: Window::Draw end
Debug: Start of frame 3545
Debug: Window::Draw start
Debug: Window::Draw end
Debug: Start of frame 3546
Debug: Window::Draw start
Debug: Window::Draw end
Debug: Start of frame 3547
Debug: Window::Draw start
Debug: Window::Draw end
Debug: Start of frame 3548
Debug: Window::Draw start
Debug: Window::Draw end
Debug: Start of frame 3549
Debug: Window::Draw start
Debug: Window::Draw end
Debug: Start of frame 3550
Debug: Window::Draw start
Debug: Window::Draw end
Debug: Start of frame 3551
Debug: Window::Draw start
Debug: Window::Draw end
Debug: Start of frame 3552
Debug: Window::Draw start
Debug: Window::Draw end
Debug: Start of frame 3553
Debug: Window::Draw start
Debug: Window::Draw end
Debug: Start of frame 3554
Debug: Window::Draw start
Debug: Window::Draw end
Debug: Start of frame 3555
Debug: Window::Draw start
Debug: Window::Draw end
Debug: Start of frame 3556
Debug: Window::Draw start
Debug: Window::Draw end
Debug: Start of frame 3557
Debug: Window::Draw start
Debug: Window::Draw end
Debug: Start of frame 3558
Debug: Window::Draw start
Debug: Window::Draw end
Debug: Start of frame 3559
Debug: Window::Draw start
Debug: Window::Draw end
Debug: Start of frame 3560
Debug: Window::Draw start
Debug: Window::Draw end
Debug: Start of frame 3561
Debug: Window::Draw start
Debug: Window::Draw end
Debug: Start of frame 3562
Debug: Window::Draw start
Debug: Window::Draw end
Debug: Start of frame 3563
Debug: Game State Manager: Set game state: Menu
Debug: Window::Draw start
Debug: Window::Draw end
Debug: Start of frame 3564
Debug: Window::Draw start
Debug: Window::Draw end
Debug: Start of frame 3565
Debug: Window::Draw start
Debug: Window::Draw end
Debug: Start of frame 3566
Debug: Window::Draw start
Debug: Window::Draw end
Debug: Start of frame 3567
Debug: Window::Draw start
Debug: Window::Draw end
Debug: Start of frame 3568
Debug: Window::Draw start
Debug: Window::Draw end
Debug: Start of frame 3569
Debug: Window::Draw start
Debug: Window::Draw end
Debug: Start of frame 3570
Debug: Window::Draw start
Debug: Window::Draw end
Debug: Start of frame 3571
Debug: Window::Draw start
Debug: Window::Draw end
Debug: Start of frame 3572
Debug: Window::Draw start
Debug: Window::Draw end
Debug: Start of frame 3573
Debug: Window::Draw start
Debug: Window::Draw end
Debug: Start of frame 3574
Debug: Window::Draw start
Debug: Window::Draw end
Debug: Start of frame 3575
Debug: Window::Draw start
Debug: Window::Draw end
Debug: Start of frame 3576
Debug: Window::Draw start
Debug: Window::Draw end
Debug: Start of frame 3577
Debug: Window::Draw start
Debug: Window::Draw end
Debug: Start of frame 3578
Debug: Window::Draw start
Debug: Window::Draw end
Debug: Start of frame 3579
Debug: Window::Draw start
Debug: Window::Draw end
Debug: Start of frame 3580
Debug: Window::Draw start
Debug: Window::Draw end
Debug: Start of frame 3581
Debug: Window::Draw start
Debug: Window::Draw end
Debug: Start of frame 3582
Debug: Window::Draw start
Debug: Window::Draw end
Debug: Start of frame 3583
Debug: Window::Draw start
Debug: Window::Draw end
Debug: Start of frame 3584
Debug: Window::Draw start
Debug: Window::Draw end
Debug: Start of frame 3585
Debug: Window::Draw start
Debug: Window::Draw end
Debug: Start of frame 3586
Debug: Window::Draw start
Debug: Window::Draw end
Debug: Start of frame 3587
Debug: Window::Draw start
Debug: Window::Draw end
Debug: Start of frame 3588
Debug: Window::Draw start
Debug: Window::Draw end
Debug: Start of frame 3589
Debug: Window::Draw start
Debug: Window::Draw end
Debug: Start of frame 3590
Debug: Window::Draw start
Debug: Window::Draw end
Debug: Start of frame 3591
Debug: Window::Draw start
Debug: Window::Draw end
Debug: Start of frame 3592
Debug: Window::Draw start
Debug: Window::Draw end
Debug: Start of frame 3593
Debug: Window::Draw start
Debug: Window::Draw end
Debug: Start of frame 3594
Debug: Window::Draw start
Debug: Window::Draw end
Debug: Start of frame 3595
Debug: Window::Draw start
Debug: Window::Draw end
Debug: Start of frame 3596
Debug: Window::Draw start
Debug: Window::Draw end
Debug: Start of frame 3597
Debug: Window::Draw start
Debug: Window::Draw end
Debug: Start of frame 3598
Debug: Window::Draw start
Debug: Window::Draw end
Debug: Start of frame 3599
Debug: Window::Draw start
Debug: Window::Draw end
Debug: Start of frame 3600
Debug: Window::Draw start
Debug: Window::Draw end
Debug: Start of frame 3601
Debug: Window::Draw start
Debug: Window::Draw end
Debug: Start of frame 3602
Debug: Window::Draw start
Debug: Window::Draw end
Debug: Start of frame 3603
Debug: Window::Draw start
Debug: Window::Draw end
Debug: Start of frame 3604
Debug: Window::Draw start
Debug: Window::Draw end
Debug: Start of frame 3605
Debug: Window::Draw start
Debug: Window::Draw end
Debug: Start of frame 3606
Debug: Window::Draw start
Debug: Window::Draw end
Debug: Start of frame 3607
Debug: Window::Draw start
Debug: Window::Draw end
Debug: Start of frame 3608
Debug: Window::Draw start
Debug: Window::Draw end
Debug: Start of frame 3609
Debug: Window::Draw start
Debug: Window::Draw end
Debug: Start of frame 3610
Debug: Window::Draw start
Debug: Window::Draw end
Debug: Start of frame 3611
Debug: Window::Draw start
Debug: Window::Draw end
Debug: Start of frame 3612
Debug: Window::Draw start
Debug: Window::Draw end
Debug: Start of frame 3613
Debug: Window::Draw start
Debug: Window::Draw end
Debug: Start of frame 3614
Debug: Window::Draw start
Debug: Window::Draw end
Debug: Start of frame 3615
Debug: Window::Draw start
Debug: Window::Draw end
Debug: Start of frame 3616
Debug: Window::Draw start
Debug: Window::Draw end
Debug: Start of frame 3617
Debug: Window::Draw start
Debug: Window::Draw end
Debug: Start of frame 3618
Debug: Window::Draw start
Debug: Window::Draw end
Debug: Start of frame 3619
Debug: Window::Draw start
Debug: Window::Draw end
Debug: Start of frame 3620
Debug: Window::Draw start
Debug: Window::Draw end
Debug: Start of frame 3621
Debug: Window::Draw start
Debug: Window::Draw end
Debug: Start of frame 3622
Debug: Window::Draw start
Debug: Window::Draw end
Debug: Start of frame 3623
Debug: Window::Draw start
Debug: Window::Draw end
Debug: Start of frame 3624
Debug: Window::Draw start
Debug: Window::Draw end
Debug: Start of frame 3625
Debug: Window::Draw start
Debug: Window::Draw end
Debug: Start of frame 3626
Debug: Window::Draw start
Debug: Window::Draw end
Debug: Start of frame 3627
Debug: Window::Draw start
Debug: Window::Draw end
Debug: Start of frame 3628
Debug: Window::Draw start
Debug: Window::Draw end
Debug: Start of frame 3629
Debug: Window::Draw start
Debug: Window::Draw end
Debug: Start of frame 3630
Debug: Window::Draw start
Debug: Window::Draw end
Debug: Start of frame 3631
Debug: Window::Draw start
Debug: Window::Draw end
Debug: Start of frame 3632
Debug: Window::Draw start
Debug: Window::Draw end
Debug: Start of frame 3633
Debug: Window::Draw start
Debug: Window::Draw end
Debug: Start of frame 3634
Debug: Window::Draw start
Debug: Window::Draw end
Debug: Start of frame 3635
Debug: Window::Draw start
Debug: Window::Draw end
Debug: Start of frame 3636
Debug: Window::Draw start
Debug: Window::Draw end
Debug: Start of frame 3637
Debug: Window::Draw start
Debug: Window::Draw end
Debug: Start of frame 3638
Debug: Window::Draw start
Debug: Window::Draw end
Debug: Start of frame 3639
Debug: Window::Draw start
Debug: Window::Draw end
Debug: Start of frame 3640
Debug: Window::Draw start
Debug: Window::Draw end
Debug: Start of frame 3641
Debug: Window::Draw start
Debug: Window::Draw end
Debug: Start of frame 3642
Debug: Window::Draw start
Debug: Window::Draw end
Debug: Start of frame 3643
Debug: Window::Draw start
Debug: Window::Draw end
Debug: Start of frame 3644
Debug: Window::Draw start
Debug: Window::Draw end
Debug: Start of frame 3645
Debug: Window::Draw start
Debug: Window::Draw end
Debug: Start of frame 3646
Debug: Window::Draw start
Debug: Window::Draw end
Debug: Start of frame 3647
Debug: Window::Draw start
Debug: Window::Draw end
Debug: Start of frame 3648
Debug: Window::Draw start
Debug: Window::Draw end
Debug: Start of frame 3649
Debug: Window::Draw start
Debug: Window::Draw end
Debug: Start of frame 3650
Debug: Window::Draw start
Debug: Window::Draw end
Debug: Start of frame 3651
Debug: Window::Draw start
Debug: Window::Draw end
Debug: Start of frame 3652
Debug: Window::Draw start
Debug: Window::Draw end
Debug: Start of frame 3653
Debug: Window::Draw start
Debug: Window::Draw end
Debug: Start of frame 3654
Debug: Window::Draw start
Debug: Window::Draw end
Debug: Start of frame 3655
Debug: Window::Draw start
Debug: Window::Draw end
Debug: Start of frame 3656
Debug: Window::Draw start
Debug: Window::Draw end
Debug: Start of frame 3657
Debug: Window::Draw start
Debug: Window::Draw end
Debug: Start of frame 3658
Debug: Window::Draw start
Debug: Window::Draw end
Debug: Start of frame 3659
Debug: Window::Draw start
Debug: Window::Draw end
Debug: Start of frame 3660
Debug: Window::Draw start
Debug: Window::Draw end
Debug: Start of frame 3661
Debug: Window::Draw start
Debug: Window::Draw end
Debug: Start of frame 3662
Debug: Window::Draw start
Debug: Window::Draw end
Debug: Start of frame 3663
Debug: Window::Draw start
Debug: Window::Draw end
Debug: Start of frame 3664
Debug: Window::Draw start
Debug: Window::Draw end
Debug: Start of frame 3665
Debug: Window::Draw start
Debug: Window::Draw end
Debug: Start of frame 3666
Debug: Window::Draw start
Debug: Window::Draw end
Debug: Start of frame 3667
Debug: Window::Draw start
Debug: Window::Draw end
Debug: Start of frame 3668
Debug: Window::Draw start
Debug: Window::Draw end
Debug: Start of frame 3669
Debug: Window::Draw start
Debug: Window::Draw end
Debug: Start of frame 3670
Debug: Window::Draw start
Debug: Window::Draw end
Debug: Start of frame 3671
Debug: Window::Draw start
Debug: Window::Draw end
Debug: Start of frame 3672
Debug: Window::Draw start
Debug: Window::Draw end
Debug: Start of frame 3673
Debug: Window::Draw start
Debug: Window::Draw end
Debug: Start of frame 3674
Debug: Window::Draw start
Debug: Window::Draw end
Debug: Start of frame 3675
Debug: Window::Draw start
Debug: Window::Draw end
Debug: Start of frame 3676
Debug: Window::Draw start
Debug: Window::Draw end
Debug: Start of frame 3677
Debug: Window::Draw start
Debug: Window::Draw end
Debug: Start of frame 3678
Debug: Window::Draw start
Debug: Window::Draw end
Debug: Start of frame 3679
Debug: Window::Draw start
Debug: Window::Draw end
Debug: Start of frame 3680
Debug: Window::Draw start
Debug: Window::Draw end
Debug: Start of frame 3681
Debug: Window::Draw start
Debug: Window::Draw end
Debug: Start of frame 3682
Debug: Window::Draw start
Debug: Window::Draw end
Debug: Start of frame 3683
Debug: Window::Draw start
Debug: Window::Draw end
Debug: Start of frame 3684
Debug: Window::Draw start
Debug: Window::Draw end
Debug: Start of frame 3685
Debug: Window::Draw start
Debug: Window::Draw end
Debug: Start of frame 3686
Debug: Window::Draw start
Debug: Window::Draw end
Debug: Start of frame 3687
Debug: Window::Draw start
Debug: Window::Draw end
Debug: Start of frame 3688
Debug: Window::Draw start
Debug: Window::Draw end
Debug: Start of frame 3689
Debug: Window::Draw start
Debug: Window::Draw end
Debug: Start of frame 3690
Debug: Window::Draw start
Debug: Window::Draw end
Debug: Start of frame 3691
Debug: Window::Draw start
Debug: Window::Draw end
Debug: Start of frame 3692
Debug: Window::Draw start
Debug: Window::Draw end
Debug: Start of frame 3693
Debug: Window::Draw start
Debug: Window::Draw end
Debug: Start of frame 3694
Debug: Window::Draw start
Debug: Window::Draw end
Debug: Start of frame 3695
Debug: Window::Draw start
Debug: Window::Draw end
Debug: Start of frame 3696
Debug: Window::Draw start
Debug: Window::Draw end
Debug: Start of frame 3697
Debug: Window::Draw start
Debug: Window::Draw end
Debug: Start of frame 3698
Debug: Window::Draw start
Debug: Window::Draw end
Debug: Start of frame 3699
Debug: Window::Draw start
Debug: Window::Draw end
Debug: Start of frame 3700
Debug: Window::Draw start
Debug: Window::Draw end
Debug: Start of frame 3701
Debug: Window::Draw start
Debug: Window::Draw end
Debug: Start of frame 3702
Debug: Window::Draw start
Debug: Window::Draw end
Debug: Start of frame 3703
Debug: Window::Draw start
Debug: Window::Draw end
Debug: Start of frame 3704
Debug: Window::Draw start
Debug: Window::Draw end
Debug: Start of frame 3705
Debug: Window::Draw start
Debug: Window::Draw end
Debug: Start of frame 3706
Debug: Window::Draw start
Debug: Window::Draw end
Debug: Start of frame 3707
Debug: Window::Draw start
Debug: Window::Draw end
Debug: Start of frame 3708
Debug: Window::Draw start
Debug: Window::Draw end
Debug: Start of frame 3709
Debug: Window::Draw start
Debug: Window::Draw end
Debug: Start of frame 3710
Debug: Window::Draw start
Debug: Window::Draw end
Debug: Start of frame 3711
Debug: Window::Draw start
Debug: Window::Draw end
Debug: Start of frame 3712
Debug: Window::Draw start
Debug: Window::Draw end
Debug: Start of frame 3713
Debug: Window::Draw start
Debug: Window::Draw end
Debug: Start of frame 3714
Debug: Window::Draw start
Debug: Window::Draw end
Debug: Start of frame 3715
Debug: Window::Draw start
Debug: Window::Draw end
Debug: Start of frame 3716
Debug: Window::Draw start
Debug: Window::Draw end
Debug: Start of frame 3717
Debug: Window::Draw start
Debug: Window::Draw end
Debug: Start of frame 3718
Debug: Window::Draw start
Debug: Window::Draw end
Debug: Start of frame 3719
Debug: Window::Draw start
Debug: Window::Draw end
Debug: Start of frame 3720
Debug: Window::Draw start
Debug: Window::Draw end
Debug: Start of frame 3721
Debug: Window::Draw start
Debug: Window::Draw end
Debug: Start of frame 3722
Debug: Window::Draw start
Debug: Window::Draw end
Debug: Start of frame 3723
Debug: Window::Draw start
Debug: Window::Draw end
Debug: Start of frame 3724
Debug: Window::Draw start
Debug: Window::Draw end
Debug: Start of frame 3725
Debug: Window::Draw start
Debug: Window::Draw end
Debug: Start of frame 3726
Debug: Window::Draw start
Debug: Window::Draw end
Debug: Start of frame 3727
Debug: Window::Draw start
Debug: Window::Draw end
Debug: Start of frame 3728
Debug: Window::Draw start
Debug: Window::Draw end
Debug: Start of frame 3729
Debug: Window::Draw start
Debug: Window::Draw end
Debug: Start of frame 3730
Debug: Window::Draw start
Debug: Window::Draw end
Debug: Start of frame 3731
Debug: Window::Draw start
Debug: Window::Draw end
Debug: Start of frame 3732
Debug: Window::Draw start
Debug: Window::Draw end
Debug: Start of frame 3733
Debug: Window::Draw start
Debug: Window::Draw end
Debug: Start of frame 3734
Debug: Window::Draw start
Debug: Window::Draw end
Debug: Start of frame 3735
Debug: Window::Draw start
Debug: Window::Draw end
Debug: Start of frame 3736
Debug: Window::Draw start
Debug: Window::Draw end
Debug: Start of frame 3737
Debug: Window::Draw start
Debug: Window::Draw end
Debug: Start of frame 3738
Debug: Window::Draw start
Debug: Window::Draw end
Debug: Start of frame 3739
Debug: Window::Draw start
Debug: Window::Draw end
Debug: Start of frame 3740
Debug: Window::Draw start
Debug: Window::Draw end
Debug: Start of frame 3741
Debug: Window::Draw start
Debug: Window::Draw end
Debug: Start of frame 3742
Debug: Window::Draw start
Debug: Window::Draw end
Debug: Start of frame 3743
Debug: Window::Draw start
Debug: Window::Draw end
Debug: Start of frame 3744
Debug: Window::Draw start
Debug: Window::Draw end
Debug: Start of frame 3745
Debug: Window::Draw start
Debug: Window::Draw end
Debug: Start of frame 3746
Debug: Window::Draw start
Debug: Window::Draw end
Debug: Start of frame 3747
Debug: Window::Draw start
Debug: Window::Draw end
Debug: Start of frame 3748
Debug: Window::Draw start
Debug: Window::Draw end
Debug: Start of frame 3749
Debug: Window::Draw start
Debug: Window::Draw end
Debug: Start of frame 3750
Debug: Window::Draw start
Debug: Window::Draw end
Debug: Start of frame 3751
Debug: Window::Draw start
Debug: Window::Draw end
Debug: Start of frame 3752
Debug: Window::Draw start
Debug: Window::Draw end
Debug: Start of frame 3753
Debug: Window::Draw start
Debug: Window::Draw end
Debug: Start of frame 3754
Debug: Window::Draw start
Debug: Window::Draw end
Debug: Start of frame 3755
Debug: Window::Draw start
Debug: Window::Draw end
Debug: Start of frame 3756
Debug: Window::Draw start
Debug: Window::Draw end
Debug: Start of frame 3757
Debug: Window::Draw start
Debug: Window::Draw end
Debug: Start of frame 3758
Debug: Window::Draw start
Debug: Window::Draw end
Debug: Start of frame 3759
Debug: Window::Draw start
Debug: Window::Draw end
Debug: Start of frame 3760
Debug: Window::Draw start
Debug: Window::Draw end
Debug: Engine: Shutting down systems
Debug: Player: Deleted
Debug: Inventory: Deleted
Debug: Texture: Deleted Assets/Sprites/Alice_Neutral.png
Debug: Texture: Deleted Assets/Sprites/Wall2.png
Debug: Texture: Deleted Assets/Sprites/Coin.png
Debug: Texture: Deleted Assets/Sprites/Highlight_Box.png
Debug: Texture: Deleted Assets/Sprites/Inventory_Boxes_Pixel.png
Debug: Texture: Deleted 
Debug: Texture manager cleared
Debug: Texture manager cleared
Debug: Texture: Deleted Assets/Sprites/Blank.png
Debug: Texture: Deleted 
Debug: Texture: Deleted 
Debug: Window: Destroyed swap chain framebuffers
Debug: Window: Destroyed swap chain framebuffers
Debug: Window: Destroyed swap chain framebuffers
Debug: Render Pass: Destroyed framebuffer
Debug: Render Pass: Destroyed framebuffer
